user_id,emp_code,Date,Clock In,Clock Out
,10,2025/01/20,,
,10,2025/01/21,,
,10,2025/01/22,,
,10,2025/01/23,,
,10,2025/01/26,,
,10,2025/01/27,,
,10,2025/01/28,,
,10,2025/01/29,,
,10,2025/01/30,,
,10,2025/02/02,,
,10,2025/02/03,,
,10,2025/02/04,,
,10,2025/02/05,,
,10,2025/02/06,,
,10,2025/02/09,,
,10,2025/02/10,,
,10,2025/02/11,,
,10,2025/02/12,,
,10,2025/02/13,,
,10,2025/02/16,,
,10,2025/02/17,,
,10,2025/02/18,,
,10,2025/02/19,,
,10,2025/02/20,,
,114,2025/01/20,,
,114,2025/01/21,,
,114,2025/01/22,,
,114,2025/01/23,,
,114,2025/01/26,,
,114,2025/01/27,,
,114,2025/01/28,,
,114,2025/01/29,,
,114,2025/01/30,,
,114,2025/02/02,,
,114,2025/02/03,,
,114,2025/02/04,,
,114,2025/02/05,,
,114,2025/02/06,,
,114,2025/02/09,,
,114,2025/02/10,,
,114,2025/02/11,,
,114,2025/02/12,,
,114,2025/02/13,,
,114,2025/02/16,,
,114,2025/02/17,,
,114,2025/02/18,,
,114,2025/02/19,,
,114,2025/02/20,,
,118,2025/01/20,,
,118,2025/01/21,,
,118,2025/01/22,,
,118,2025/01/23,,
,118,2025/01/26,,
,118,2025/01/27,,
,118,2025/01/28,,
,118,2025/01/29,,
,118,2025/01/30,,
,118,2025/02/02,,
,118,2025/02/03,,
,118,2025/02/04,,
,118,2025/02/05,,
,118,2025/02/06,,
,118,2025/02/09,,
,118,2025/02/10,,
,118,2025/02/11,,
,118,2025/02/12,,
,118,2025/02/13,,
,118,2025/02/16,,
,118,2025/02/17,,
,118,2025/02/18,,
,118,2025/02/19,,
,118,2025/02/20,,
,119,2025/01/20,07:41,16:28
,119,2025/01/21,07:50,16:30
,119,2025/01/22,07:45,16:33
,119,2025/01/23,07:35,16:26
,119,2025/01/26,07:42,16:27
,119,2025/01/27,07:37,16:27
,119,2025/01/28,07:41,16:25
,119,2025/01/29,07:57,16:33
,119,2025/01/30,07:36,16:27
,119,2025/02/02,07:44,16:27
,119,2025/02/03,07:38,16:33
,119,2025/02/04,07:47,16:30
,119,2025/02/05,07:42,16:25
,119,2025/02/06,07:34,16:30
,119,2025/02/09,07:39,16:38
,119,2025/02/10,07:35,17:02
,119,2025/02/11,07:31,16:29
,119,2025/02/12,07:35,
,119,2025/02/13,07:29,16:32
,119,2025/02/16,08:05,16:27
,119,2025/02/17,07:41,16:31
,119,2025/02/18,07:38,16:30
,119,2025/02/19,07:37,16:40
,119,2025/02/20,07:28,16:33
,122,2025/01/20,08:09,17:03
,122,2025/01/21,08:09,16:38
,122,2025/01/22,08:10,16:59
,122,2025/01/23,08:22,17:01
,122,2025/01/26,08:06,17:05
,122,2025/01/27,08:08,17:18
,122,2025/01/28,08:18,16:53
,122,2025/01/29,08:11,16:41
,122,2025/01/30,07:49,16:57
,122,2025/02/02,08:04,16:49
,122,2025/02/03,08:17,17:40
,122,2025/02/04,08:18,16:44
,122,2025/02/05,07:58,22:25
,122,2025/02/06,07:51,16:38
,122,2025/02/09,07:55,16:42
,122,2025/02/10,07:48,17:18
,122,2025/02/11,07:55,16:41
,122,2025/02/12,07:54,16:32
,122,2025/02/13,07:48,16:48
,122,2025/02/16,08:19,16:49
,122,2025/02/17,08:17,16:39
,122,2025/02/18,08:07,16:50
,122,2025/02/19,07:41,22:10
,122,2025/02/20,07:50,16:57
,129,2025/01/20,,
,129,2025/01/21,,
,129,2025/01/22,,
,129,2025/01/23,,
,129,2025/01/26,,
,129,2025/01/27,,
,129,2025/01/28,,
,129,2025/01/29,,
,129,2025/01/30,,
,129,2025/02/02,,
,129,2025/02/03,,
,129,2025/02/04,,
,129,2025/02/05,,
,129,2025/02/06,,
,129,2025/02/09,,
,129,2025/02/10,,
,129,2025/02/11,,
,129,2025/02/12,,
,129,2025/02/13,,
,129,2025/02/16,,
,129,2025/02/17,,
,129,2025/02/18,,
,129,2025/02/19,,
,129,2025/02/20,,
,130,2025/01/20,07:43,16:29
,130,2025/01/21,07:50,16:30
,130,2025/01/22,07:45,16:30
,130,2025/01/23,07:35,16:26
,130,2025/01/26,07:42,16:26
,130,2025/01/27,07:37,16:32
,130,2025/01/28,07:41,16:28
,130,2025/01/29,07:57,16:34
,130,2025/01/30,07:35,16:32
,130,2025/02/02,07:44,16:58
,130,2025/02/03,07:57,
,130,2025/02/04,07:49,16:31
,130,2025/02/05,07:42,16:32
,130,2025/02/06,07:34,16:29
,130,2025/02/09,07:39,16:37
,130,2025/02/10,07:35,17:18
,130,2025/02/11,07:31,16:30
,130,2025/02/12,,
,130,2025/02/13,07:37,
,130,2025/02/16,08:05,16:27
,130,2025/02/17,07:41,
,130,2025/02/18,07:38,16:35
,130,2025/02/19,,
,130,2025/02/20,,
,131,2025/01/20,,
,131,2025/01/21,,
,131,2025/01/22,,
,131,2025/01/23,,
,131,2025/01/26,,
,131,2025/01/27,,
,131,2025/01/28,,
,131,2025/01/29,,
,131,2025/01/30,,
,131,2025/02/02,,
,131,2025/02/03,,
,131,2025/02/04,,
,131,2025/02/05,,
,131,2025/02/06,,
,131,2025/02/09,08:21,16:36
,131,2025/02/10,,16:51
,131,2025/02/11,08:12,16:32
,131,2025/02/12,07:57,16:50
,131,2025/02/13,08:04,16:43
,131,2025/02/16,07:57,16:40
,131,2025/02/17,07:55,16:35
,131,2025/02/18,07:50,16:41
,131,2025/02/19,08:18,16:38
,131,2025/02/20,07:55,16:35
,143,2025/01/20,,
,143,2025/01/21,,
,143,2025/01/22,,
,143,2025/01/23,,
,143,2025/01/26,,
,143,2025/01/27,,
,143,2025/01/28,,
,143,2025/01/29,,
,143,2025/01/30,,
,143,2025/02/02,,
,143,2025/02/03,,
,143,2025/02/04,,
,143,2025/02/05,,
,143,2025/02/06,,
,143,2025/02/09,,
,143,2025/02/10,,
,143,2025/02/11,,
,143,2025/02/12,,
,143,2025/02/13,,
,143,2025/02/16,,
,143,2025/02/17,,
,143,2025/02/18,,
,143,2025/02/19,,
,143,2025/02/20,,
,144,2025/01/20,07:50,17:10
,144,2025/01/21,08:03,17:07
,144,2025/01/22,07:49,17:09
,144,2025/01/23,07:46,17:15
,144,2025/01/26,07:55,16:52
,144,2025/01/27,07:55,16:45
,144,2025/01/28,08:13,17:12
,144,2025/01/29,07:54,16:45
,144,2025/01/30,07:47,16:49
,144,2025/02/02,07:45,16:53
,144,2025/02/03,08:07,17:12
,144,2025/02/04,08:03,
,144,2025/02/05,07:56,16:34
,144,2025/02/06,07:57,18:04
,144,2025/02/09,07:37,
,144,2025/02/10,07:37,17:09
,144,2025/02/11,07:41,16:46
,144,2025/02/12,07:44,17:17
,144,2025/02/13,07:49,16:22
,144,2025/02/16,07:49,16:48
,144,2025/02/17,07:58,16:50
,144,2025/02/18,07:57,17:17
,144,2025/02/19,07:53,16:54
,144,2025/02/20,07:44,16:46
,145,2025/01/20,,
,145,2025/01/21,,
,145,2025/01/22,,
,145,2025/01/23,,
,145,2025/01/26,,
,145,2025/01/27,,
,145,2025/01/28,,
,145,2025/01/29,,
,145,2025/01/30,,
,145,2025/02/02,,
,145,2025/02/03,,
,145,2025/02/04,,
,145,2025/02/05,,
,145,2025/02/06,,
,145,2025/02/09,,
,145,2025/02/10,,
,145,2025/02/11,,
,145,2025/02/12,,
,145,2025/02/13,,
,145,2025/02/16,,
,145,2025/02/17,,
,145,2025/02/18,,
,145,2025/02/19,,
,145,2025/02/20,,
,152,2025/01/20,,
,152,2025/01/21,,
,152,2025/01/22,,
,152,2025/01/23,,
,152,2025/01/26,,
,152,2025/01/27,,
,152,2025/01/28,,
,152,2025/01/29,,
,152,2025/01/30,,
,152,2025/02/02,,
,152,2025/02/03,,
,152,2025/02/04,,
,152,2025/02/05,,
,152,2025/02/06,,
,152,2025/02/09,,
,152,2025/02/10,,
,152,2025/02/11,,
,152,2025/02/12,,
,152,2025/02/13,,
,152,2025/02/16,,
,152,2025/02/17,,
,152,2025/02/18,,
,152,2025/02/19,,
,152,2025/02/20,,
,154,2025/01/20,,
,154,2025/01/21,,
,154,2025/01/22,,
,154,2025/01/23,,
,154,2025/01/26,,
,154,2025/01/27,,
,154,2025/01/28,,
,154,2025/01/29,,
,154,2025/01/30,,
,154,2025/02/02,,
,154,2025/02/03,,
,154,2025/02/04,,
,154,2025/02/05,,
,154,2025/02/06,,
,154,2025/02/09,,
,154,2025/02/10,,
,154,2025/02/11,,
,154,2025/02/12,,
,154,2025/02/13,,
,154,2025/02/16,,
,154,2025/02/17,,
,154,2025/02/18,,
,154,2025/02/19,,
,154,2025/02/20,,
,158,2025/01/20,07:55,16:54
,158,2025/01/21,08:07,16:42
,158,2025/01/22,08:12,16:52
,158,2025/01/23,07:52,16:53
,158,2025/01/26,08:03,17:02
,158,2025/01/27,08:03,
,158,2025/01/28,07:45,16:51
,158,2025/01/29,07:46,17:04
,158,2025/01/30,08:08,17:42
,158,2025/02/02,07:42,17:14
,158,2025/02/03,07:49,16:40
,158,2025/02/04,07:54,16:32
,158,2025/02/05,07:56,16:47
,158,2025/02/06,07:54,
,158,2025/02/09,07:47,16:37
,158,2025/02/10,07:45,17:04
,158,2025/02/11,07:32,16:42
,158,2025/02/12,07:55,16:47
,158,2025/02/13,07:49,16:44
,158,2025/02/16,08:07,16:46
,158,2025/02/17,07:58,16:30
,158,2025/02/18,07:59,16:47
,158,2025/02/19,07:56,16:46
,158,2025/02/20,07:54,16:36
,162,2025/01/20,,
,162,2025/01/21,,
,162,2025/01/22,,
,162,2025/01/23,,
,162,2025/01/26,,
,162,2025/01/27,,
,162,2025/01/28,,
,162,2025/01/29,,
,162,2025/01/30,,
,162,2025/02/02,,
,162,2025/02/03,,
,162,2025/02/04,,
,162,2025/02/05,,
,162,2025/02/06,,
,162,2025/02/09,,
,162,2025/02/10,,
,162,2025/02/11,,
,162,2025/02/12,,
,162,2025/02/13,,
,162,2025/02/16,,
,162,2025/02/17,,
,162,2025/02/18,,
,162,2025/02/19,,
,162,2025/02/20,,
,168,2025/01/20,,
,168,2025/01/21,,
,168,2025/01/22,,
,168,2025/01/23,,
,168,2025/01/26,,
,168,2025/01/27,,
,168,2025/01/28,,
,168,2025/01/29,,
,168,2025/01/30,,
,168,2025/02/02,,
,168,2025/02/03,,
,168,2025/02/04,,
,168,2025/02/05,,
,168,2025/02/06,,
,168,2025/02/09,,
,168,2025/02/10,,
,168,2025/02/11,,
,168,2025/02/12,,
,168,2025/02/13,,
,168,2025/02/16,,
,168,2025/02/17,,
,168,2025/02/18,,
,168,2025/02/19,,
,168,2025/02/20,,
,171,2025/01/20,07:36,16:29
,171,2025/01/21,,
,171,2025/01/22,,
,171,2025/01/23,07:29,16:23
,171,2025/01/26,07:53,16:28
,171,2025/01/27,08:08,16:24
,171,2025/01/28,07:33,16:25
,171,2025/01/29,07:49,16:25
,171,2025/01/30,07:29,16:30
,171,2025/02/02,07:27,16:29
,171,2025/02/03,07:29,16:25
,171,2025/02/04,07:28,16:31
,171,2025/02/05,07:22,16:33
,171,2025/02/06,07:27,16:28
,171,2025/02/09,07:26,
,171,2025/02/10,07:24,16:30
,171,2025/02/11,07:27,16:25
,171,2025/02/12,,
,171,2025/02/13,07:28,16:23
,171,2025/02/16,08:23,16:27
,171,2025/02/17,07:55,16:28
,171,2025/02/18,07:25,16:28
,171,2025/02/19,07:35,16:29
,171,2025/02/20,07:35,16:24
,172,2025/01/20,08:11,17:36
,172,2025/01/21,08:14,17:06
,172,2025/01/22,07:49,17:38
,172,2025/01/23,07:40,17:15
,172,2025/01/26,09:02,16:52
,172,2025/01/27,07:28,16:56
,172,2025/01/28,08:43,17:56
,172,2025/01/29,08:01,17:27
,172,2025/01/30,08:35,16:49
,172,2025/02/02,08:00,17:04
,172,2025/02/03,07:52,17:12
,172,2025/02/04,07:58,19:29
,172,2025/02/05,10:08,18:09
,172,2025/02/06,08:01,18:04
,172,2025/02/09,,
,172,2025/02/10,09:18,16:38
,172,2025/02/11,09:02,16:46
,172,2025/02/12,08:13,16:53
,172,2025/02/13,08:35,16:22
,172,2025/02/16,07:21,16:48
,172,2025/02/17,07:08,16:50
,172,2025/02/18,07:12,17:17
,172,2025/02/19,07:14,16:54
,172,2025/02/20,07:25,16:46
,176,2025/01/20,,
,176,2025/01/21,,
,176,2025/01/22,,
,176,2025/01/23,,
,176,2025/01/26,,
,176,2025/01/27,,
,176,2025/01/28,,
,176,2025/01/29,,
,176,2025/01/30,,
,176,2025/02/02,,
,176,2025/02/03,,
,176,2025/02/04,,
,176,2025/02/05,,
,176,2025/02/06,,
,176,2025/02/09,,
,176,2025/02/10,,
,176,2025/02/11,,
,176,2025/02/12,,
,176,2025/02/13,,
,176,2025/02/16,,
,176,2025/02/17,,
,176,2025/02/18,,
,176,2025/02/19,,
,176,2025/02/20,,
,177,2025/01/20,08:38,16:50
,177,2025/01/21,07:53,16:33
,177,2025/01/22,08:50,16:34
,177,2025/01/23,07:54,16:34
,177,2025/01/26,07:58,16:30
,177,2025/01/27,08:07,16:41
,177,2025/01/28,08:14,16:51
,177,2025/01/29,07:46,16:38
,177,2025/01/30,07:58,16:40
,177,2025/02/02,07:48,16:31
,177,2025/02/03,,16:36
,177,2025/02/04,07:54,16:34
,177,2025/02/05,08:00,16:35
,177,2025/02/06,07:54,16:48
,177,2025/02/09,08:10,16:31
,177,2025/02/10,07:51,16:38
,177,2025/02/11,07:52,16:38
,177,2025/02/12,,
,177,2025/02/13,07:45,16:39
,177,2025/02/16,08:07,16:39
,177,2025/02/17,08:00,16:38
,177,2025/02/18,08:04,16:39
,177,2025/02/19,07:47,16:32
,177,2025/02/20,07:43,16:31
,179,2025/01/20,,
,179,2025/01/21,,
,179,2025/01/22,,
,179,2025/01/23,,
,179,2025/01/26,,
,179,2025/01/27,,
,179,2025/01/28,,
,179,2025/01/29,,
,179,2025/01/30,,
,179,2025/02/02,,
,179,2025/02/03,,
,179,2025/02/04,,
,179,2025/02/05,,
,179,2025/02/06,,
,179,2025/02/09,,
,179,2025/02/10,,
,179,2025/02/11,,
,179,2025/02/12,,
,179,2025/02/13,,
,179,2025/02/16,,
,179,2025/02/17,,
,179,2025/02/18,,
,179,2025/02/19,,
,179,2025/02/20,,
,182,2025/01/20,,
,182,2025/01/21,,
,182,2025/01/22,,
,182,2025/01/23,,
,182,2025/01/26,,
,182,2025/01/27,,
,182,2025/01/28,,
,182,2025/01/29,,
,182,2025/01/30,,
,182,2025/02/02,,
,182,2025/02/03,,
,182,2025/02/04,,
,182,2025/02/05,,
,182,2025/02/06,,
,182,2025/02/09,,
,182,2025/02/10,,
,182,2025/02/11,,
,182,2025/02/12,,
,182,2025/02/13,,
,182,2025/02/16,,
,182,2025/02/17,,
,182,2025/02/18,,
,182,2025/02/19,,
,182,2025/02/20,,
,188,2025/01/20,,
,188,2025/01/21,,
,188,2025/01/22,,
,188,2025/01/23,,
,188,2025/01/26,,
,188,2025/01/27,,
,188,2025/01/28,,
,188,2025/01/29,,
,188,2025/01/30,,
,188,2025/02/02,,
,188,2025/02/03,,
,188,2025/02/04,,
,188,2025/02/05,,
,188,2025/02/06,,
,188,2025/02/09,,
,188,2025/02/10,,
,188,2025/02/11,,
,188,2025/02/12,,
,188,2025/02/13,,
,188,2025/02/16,,
,188,2025/02/17,,
,188,2025/02/18,,
,188,2025/02/19,,
,188,2025/02/20,,
,204,2025/01/20,,
,204,2025/01/21,,
,204,2025/01/22,,
,204,2025/01/23,,
,204,2025/01/26,,
,204,2025/01/27,,
,204,2025/01/28,,
,204,2025/01/29,,
,204,2025/01/30,,
,204,2025/02/02,,
,204,2025/02/03,,
,204,2025/02/04,,
,204,2025/02/05,,
,204,2025/02/06,,
,204,2025/02/09,,
,204,2025/02/10,,
,204,2025/02/11,,
,204,2025/02/12,,
,204,2025/02/13,,
,204,2025/02/16,,
,204,2025/02/17,,
,204,2025/02/18,,
,204,2025/02/19,,
,204,2025/02/20,,
,211,2025/01/20,07:33,16:32
,211,2025/01/21,07:37,16:36
,211,2025/01/22,07:37,16:48
,211,2025/01/23,07:24,16:49
,211,2025/01/26,07:17,14:10
,211,2025/01/27,07:29,
,211,2025/01/28,07:33,
,211,2025/01/29,07:38,17:04
,211,2025/01/30,07:43,16:38
,211,2025/02/02,07:38,16:38
,211,2025/02/03,07:36,16:23
,211,2025/02/04,07:33,16:31
,211,2025/02/05,07:37,16:41
,211,2025/02/06,07:35,16:28
,211,2025/02/09,07:35,16:36
,211,2025/02/10,07:30,16:38
,211,2025/02/11,07:37,16:39
,211,2025/02/12,07:34,16:41
,211,2025/02/13,07:36,16:36
,211,2025/02/16,07:29,16:26
,211,2025/02/17,07:34,16:32
,211,2025/02/18,07:34,16:26
,211,2025/02/19,07:28,16:35
,211,2025/02/20,07:31,16:30
,212,2025/01/20,,
,212,2025/01/21,,
,212,2025/01/22,,
,212,2025/01/23,,
,212,2025/01/26,,
,212,2025/01/27,,
,212,2025/01/28,,
,212,2025/01/29,,
,212,2025/01/30,,
,212,2025/02/02,,
,212,2025/02/03,,
,212,2025/02/04,,
,212,2025/02/05,,
,212,2025/02/06,,
,212,2025/02/09,,
,212,2025/02/10,,
,212,2025/02/11,,
,212,2025/02/12,,
,212,2025/02/13,,
,212,2025/02/16,,
,212,2025/02/17,,
,212,2025/02/18,,
,212,2025/02/19,,
,212,2025/02/20,,
,216,2025/01/20,,
,216,2025/01/21,,
,216,2025/01/22,,
,216,2025/01/23,,
,216,2025/01/26,,
,216,2025/01/27,,
,216,2025/01/28,,
,216,2025/01/29,,
,216,2025/01/30,,
,216,2025/02/02,,
,216,2025/02/03,,
,216,2025/02/04,,
,216,2025/02/05,,
,216,2025/02/06,,
,216,2025/02/09,,
,216,2025/02/10,,
,216,2025/02/11,,
,216,2025/02/12,,
,216,2025/02/13,,
,216,2025/02/16,,
,216,2025/02/17,,
,216,2025/02/18,,
,216,2025/02/19,,
,216,2025/02/20,,
,217,2025/01/20,08:36,16:38
,217,2025/01/21,08:44,16:31
,217,2025/01/22,08:39,16:36
,217,2025/01/23,08:32,16:48
,217,2025/01/26,,
,217,2025/01/27,,
,217,2025/01/28,,
,217,2025/01/29,,
,217,2025/01/30,,16:40
,217,2025/02/02,08:44,17:11
,217,2025/02/03,08:49,16:40
,217,2025/02/04,08:54,16:32
,217,2025/02/05,09:07,16:44
,217,2025/02/06,08:45,16:31
,217,2025/02/09,08:16,16:31
,217,2025/02/10,08:44,16:35
,217,2025/02/11,08:33,16:33
,217,2025/02/12,08:27,16:37
,217,2025/02/13,08:42,16:36
,217,2025/02/16,08:27,16:31
,217,2025/02/17,08:58,
,217,2025/02/18,08:41,16:38
,217,2025/02/19,08:37,16:42
,217,2025/02/20,08:40,
,218,2025/01/20,,
,218,2025/01/21,,
,218,2025/01/22,,
,218,2025/01/23,,
,218,2025/01/26,,
,218,2025/01/27,,
,218,2025/01/28,,
,218,2025/01/29,,
,218,2025/01/30,,
,218,2025/02/02,,
,218,2025/02/03,,
,218,2025/02/04,,
,218,2025/02/05,,
,218,2025/02/06,,
,218,2025/02/09,,
,218,2025/02/10,,
,218,2025/02/11,,
,218,2025/02/12,,
,218,2025/02/13,,
,218,2025/02/16,,
,218,2025/02/17,,
,218,2025/02/18,,
,218,2025/02/19,,
,218,2025/02/20,,
,224,2025/01/20,,
,224,2025/01/21,,
,224,2025/01/22,,
,224,2025/01/23,,
,224,2025/01/26,,
,224,2025/01/27,,
,224,2025/01/28,,
,224,2025/01/29,,
,224,2025/01/30,,
,224,2025/02/02,,
,224,2025/02/03,,
,224,2025/02/04,,
,224,2025/02/05,,
,224,2025/02/06,,
,224,2025/02/09,,
,224,2025/02/10,,
,224,2025/02/11,,
,224,2025/02/12,,
,224,2025/02/13,,
,224,2025/02/16,,
,224,2025/02/17,,
,224,2025/02/18,,
,224,2025/02/19,,
,224,2025/02/20,,
,229,2025/01/20,,
,229,2025/01/21,,
,229,2025/01/22,,
,229,2025/01/23,,
,229,2025/01/26,,
,229,2025/01/27,,
,229,2025/01/28,,
,229,2025/01/29,,
,229,2025/01/30,,
,229,2025/02/02,,
,229,2025/02/03,,
,229,2025/02/04,,
,229,2025/02/05,,
,229,2025/02/06,,
,229,2025/02/09,,
,229,2025/02/10,,
,229,2025/02/11,,
,229,2025/02/12,,
,229,2025/02/13,,
,229,2025/02/16,,
,229,2025/02/17,,
,229,2025/02/18,,
,229,2025/02/19,,
,229,2025/02/20,,
,237,2025/01/20,,
,237,2025/01/21,,
,237,2025/01/22,,
,237,2025/01/23,,
,237,2025/01/26,,
,237,2025/01/27,,
,237,2025/01/28,,
,237,2025/01/29,,
,237,2025/01/30,,
,237,2025/02/02,,
,237,2025/02/03,,
,237,2025/02/04,,
,237,2025/02/05,,
,237,2025/02/06,,
,237,2025/02/09,,
,237,2025/02/10,,
,237,2025/02/11,,
,237,2025/02/12,,
,237,2025/02/13,,
,237,2025/02/16,,
,237,2025/02/17,,
,237,2025/02/18,,
,237,2025/02/19,,
,237,2025/02/20,,
,238,2025/01/20,,
,238,2025/01/21,,
,238,2025/01/22,,
,238,2025/01/23,,
,238,2025/01/26,,
,238,2025/01/27,,
,238,2025/01/28,,
,238,2025/01/29,,
,238,2025/01/30,,
,238,2025/02/02,,
,238,2025/02/03,,
,238,2025/02/04,,
,238,2025/02/05,,
,238,2025/02/06,,
,238,2025/02/09,,
,238,2025/02/10,,
,238,2025/02/11,,
,238,2025/02/12,,
,238,2025/02/13,,
,238,2025/02/16,,
,238,2025/02/17,,
,238,2025/02/18,,
,238,2025/02/19,,
,238,2025/02/20,,
,241,2025/01/20,,
,241,2025/01/21,,
,241,2025/01/22,,
,241,2025/01/23,,
,241,2025/01/26,,
,241,2025/01/27,,
,241,2025/01/28,,
,241,2025/01/29,,
,241,2025/01/30,,
,241,2025/02/02,,
,241,2025/02/03,,
,241,2025/02/04,,
,241,2025/02/05,,
,241,2025/02/06,,
,241,2025/02/09,,
,241,2025/02/10,,
,241,2025/02/11,,
,241,2025/02/12,,
,241,2025/02/13,,
,241,2025/02/16,,
,241,2025/02/17,,
,241,2025/02/18,,
,241,2025/02/19,,
,241,2025/02/20,,
,242,2025/01/20,,
,242,2025/01/21,,
,242,2025/01/22,,
,242,2025/01/23,,
,242,2025/01/26,,
,242,2025/01/27,,
,242,2025/01/28,,
,242,2025/01/29,,
,242,2025/01/30,,
,242,2025/02/02,,
,242,2025/02/03,,
,242,2025/02/04,,
,242,2025/02/05,,
,242,2025/02/06,,
,242,2025/02/09,,
,242,2025/02/10,,
,242,2025/02/11,,
,242,2025/02/12,,
,242,2025/02/13,,
,242,2025/02/16,,
,242,2025/02/17,,
,242,2025/02/18,,
,242,2025/02/19,,
,242,2025/02/20,,
,243,2025/01/20,,
,243,2025/01/21,,
,243,2025/01/22,,
,243,2025/01/23,,
,243,2025/01/26,,
,243,2025/01/27,,
,243,2025/01/28,,
,243,2025/01/29,,
,243,2025/01/30,,
,243,2025/02/02,,
,243,2025/02/03,,
,243,2025/02/04,,
,243,2025/02/05,,
,243,2025/02/06,,
,243,2025/02/09,,
,243,2025/02/10,,
,243,2025/02/11,,
,243,2025/02/12,,
,243,2025/02/13,,
,243,2025/02/16,,
,243,2025/02/17,,
,243,2025/02/18,,17:08
,243,2025/02/19,,
,243,2025/02/20,09:06,
,244,2025/01/20,,
,244,2025/01/21,,
,244,2025/01/22,,
,244,2025/01/23,,
,244,2025/01/26,,
,244,2025/01/27,,
,244,2025/01/28,,
,244,2025/01/29,,
,244,2025/01/30,,
,244,2025/02/02,,
,244,2025/02/03,,
,244,2025/02/04,,
,244,2025/02/05,,
,244,2025/02/06,,
,244,2025/02/09,,
,244,2025/02/10,,
,244,2025/02/11,,
,244,2025/02/12,,
,244,2025/02/13,,
,244,2025/02/16,,
,244,2025/02/17,,
,244,2025/02/18,,
,244,2025/02/19,,
,244,2025/02/20,,
,245,2025/01/20,,
,245,2025/01/21,,
,245,2025/01/22,,
,245,2025/01/23,,
,245,2025/01/26,,
,245,2025/01/27,,
,245,2025/01/28,,
,245,2025/01/29,,
,245,2025/01/30,,
,245,2025/02/02,,
,245,2025/02/03,,
,245,2025/02/04,,
,245,2025/02/05,,
,245,2025/02/06,,
,245,2025/02/09,,
,245,2025/02/10,,
,245,2025/02/11,,
,245,2025/02/12,,
,245,2025/02/13,,
,245,2025/02/16,,
,245,2025/02/17,,
,245,2025/02/18,,
,245,2025/02/19,,
,245,2025/02/20,,
,246,2025/01/20,,
,246,2025/01/21,,
,246,2025/01/22,,
,246,2025/01/23,,
,246,2025/01/26,,
,246,2025/01/27,,
,246,2025/01/28,,
,246,2025/01/29,,
,246,2025/01/30,,
,246,2025/02/02,,
,246,2025/02/03,,
,246,2025/02/04,,
,246,2025/02/05,,
,246,2025/02/06,,
,246,2025/02/09,,
,246,2025/02/10,,
,246,2025/02/11,,
,246,2025/02/12,,
,246,2025/02/13,,
,246,2025/02/16,,
,246,2025/02/17,,
,246,2025/02/18,,
,246,2025/02/19,,
,246,2025/02/20,,
,248,2025/01/20,,
,248,2025/01/21,,
,248,2025/01/22,,
,248,2025/01/23,,
,248,2025/01/26,,16:47
,248,2025/01/27,07:48,16:40
,248,2025/01/28,07:59,17:21
,248,2025/01/29,07:36,
,248,2025/01/30,07:32,17:08
,248,2025/02/02,07:42,17:01
,248,2025/02/03,07:44,16:59
,248,2025/02/04,07:51,16:52
,248,2025/02/05,07:49,16:58
,248,2025/02/06,07:44,17:19
,248,2025/02/09,07:44,17:14
,248,2025/02/10,07:36,17:07
,248,2025/02/11,07:41,16:56
,248,2025/02/12,07:47,16:55
,248,2025/02/13,07:37,16:50
,248,2025/02/16,08:00,16:56
,248,2025/02/17,07:55,17:13
,248,2025/02/18,07:41,16:52
,248,2025/02/19,07:39,17:03
,248,2025/02/20,07:38,17:09
,259,2025/01/20,,
,259,2025/01/21,,
,259,2025/01/22,,
,259,2025/01/23,,
,259,2025/01/26,,
,259,2025/01/27,,
,259,2025/01/28,,
,259,2025/01/29,,
,259,2025/01/30,,
,259,2025/02/02,,
,259,2025/02/03,,
,259,2025/02/04,,
,259,2025/02/05,,
,259,2025/02/06,,
,259,2025/02/09,,
,259,2025/02/10,,
,259,2025/02/11,,
,259,2025/02/12,,
,259,2025/02/13,,
,259,2025/02/16,,
,259,2025/02/17,,
,259,2025/02/18,,
,259,2025/02/19,,
,259,2025/02/20,,
,270,2025/01/20,,
,270,2025/01/21,,
,270,2025/01/22,,
,270,2025/01/23,,
,270,2025/01/26,,
,270,2025/01/27,,
,270,2025/01/28,,
,270,2025/01/29,,
,270,2025/01/30,,
,270,2025/02/02,,
,270,2025/02/03,,
,270,2025/02/04,,
,270,2025/02/05,,
,270,2025/02/06,,
,270,2025/02/09,,
,270,2025/02/10,,
,270,2025/02/11,,
,270,2025/02/12,,
,270,2025/02/13,,
,270,2025/02/16,,
,270,2025/02/17,,
,270,2025/02/18,,
,270,2025/02/19,,
,270,2025/02/20,,
,272,2025/01/20,,
,272,2025/01/21,,
,272,2025/01/22,,
,272,2025/01/23,,
,272,2025/01/26,,
,272,2025/01/27,,
,272,2025/01/28,,
,272,2025/01/29,,
,272,2025/01/30,,
,272,2025/02/02,,
,272,2025/02/03,,
,272,2025/02/04,,
,272,2025/02/05,,
,272,2025/02/06,,
,272,2025/02/09,,
,272,2025/02/10,,
,272,2025/02/11,,
,272,2025/02/12,,
,272,2025/02/13,,
,272,2025/02/16,,
,272,2025/02/17,,
,272,2025/02/18,,
,272,2025/02/19,,
,272,2025/02/20,,
,273,2025/01/20,,
,273,2025/01/21,,
,273,2025/01/22,,
,273,2025/01/23,,
,273,2025/01/26,,
,273,2025/01/27,,
,273,2025/01/28,,
,273,2025/01/29,,
,273,2025/01/30,,
,273,2025/02/02,,
,273,2025/02/03,,
,273,2025/02/04,,
,273,2025/02/05,,
,273,2025/02/06,,
,273,2025/02/09,,
,273,2025/02/10,,
,273,2025/02/11,,
,273,2025/02/12,,
,273,2025/02/13,,
,273,2025/02/16,,
,273,2025/02/17,,
,273,2025/02/18,,
,273,2025/02/19,,
,273,2025/02/20,,
,275,2025/01/20,,
,275,2025/01/21,,
,275,2025/01/22,,
,275,2025/01/23,,
,275,2025/01/26,,
,275,2025/01/27,,
,275,2025/01/28,,
,275,2025/01/29,,
,275,2025/01/30,,
,275,2025/02/02,,
,275,2025/02/03,,
,275,2025/02/04,,
,275,2025/02/05,,
,275,2025/02/06,,
,275,2025/02/09,,
,275,2025/02/10,,
,275,2025/02/11,,
,275,2025/02/12,,
,275,2025/02/13,,
,275,2025/02/16,,
,275,2025/02/17,,
,275,2025/02/18,,
,275,2025/02/19,,
,275,2025/02/20,,
,278,2025/01/20,07:42,17:57
,278,2025/01/21,08:00,16:33
,278,2025/01/22,07:45,16:45
,278,2025/01/23,07:50,16:57
,278,2025/01/26,07:56,16:56
,278,2025/01/27,07:51,16:40
,278,2025/01/28,07:51,16:26
,278,2025/01/29,08:04,16:30
,278,2025/01/30,07:44,16:35
,278,2025/02/02,07:27,16:32
,278,2025/02/03,07:41,16:35
,278,2025/02/04,07:45,16:32
,278,2025/02/05,07:36,17:16
,278,2025/02/06,07:38,17:22
,278,2025/02/09,07:51,
,278,2025/02/10,07:34,16:46
,278,2025/02/11,07:25,16:45
,278,2025/02/12,07:45,16:27
,278,2025/02/13,07:46,16:30
,278,2025/02/16,,
,278,2025/02/17,,
,278,2025/02/18,07:41,16:30
,278,2025/02/19,07:56,
,278,2025/02/20,08:00,16:58
,281,2025/01/20,,
,281,2025/01/21,,
,281,2025/01/22,,
,281,2025/01/23,,
,281,2025/01/26,,
,281,2025/01/27,,
,281,2025/01/28,,
,281,2025/01/29,,
,281,2025/01/30,,
,281,2025/02/02,,
,281,2025/02/03,,
,281,2025/02/04,,
,281,2025/02/05,,
,281,2025/02/06,,
,281,2025/02/09,,
,281,2025/02/10,,
,281,2025/02/11,,
,281,2025/02/12,,
,281,2025/02/13,,
,281,2025/02/16,,
,281,2025/02/17,,
,281,2025/02/18,,
,281,2025/02/19,,
,281,2025/02/20,,
,286,2025/01/20,,
,286,2025/01/21,,
,286,2025/01/22,,
,286,2025/01/23,,
,286,2025/01/26,,
,286,2025/01/27,,
,286,2025/01/28,,
,286,2025/01/29,,
,286,2025/01/30,,
,286,2025/02/02,,
,286,2025/02/03,,
,286,2025/02/04,,
,286,2025/02/05,,
,286,2025/02/06,,
,286,2025/02/09,,
,286,2025/02/10,,
,286,2025/02/11,,
,286,2025/02/12,,
,286,2025/02/13,,
,286,2025/02/16,,
,286,2025/02/17,,
,286,2025/02/18,,
,286,2025/02/19,,
,286,2025/02/20,,
,296,2025/01/20,,
,296,2025/01/21,,
,296,2025/01/22,,
,296,2025/01/23,,
,296,2025/01/26,,
,296,2025/01/27,,
,296,2025/01/28,,
,296,2025/01/29,,
,296,2025/01/30,,
,296,2025/02/02,,
,296,2025/02/03,,
,296,2025/02/04,,
,296,2025/02/05,,
,296,2025/02/06,,
,296,2025/02/09,,
,296,2025/02/10,,
,296,2025/02/11,,
,296,2025/02/12,,
,296,2025/02/13,,
,296,2025/02/16,,
,296,2025/02/17,,
,296,2025/02/18,,
,296,2025/02/19,,
,296,2025/02/20,,
,298,2025/01/20,,
,298,2025/01/21,,
,298,2025/01/22,,
,298,2025/01/23,,
,298,2025/01/26,,
,298,2025/01/27,,
,298,2025/01/28,,
,298,2025/01/29,,
,298,2025/01/30,,
,298,2025/02/02,,
,298,2025/02/03,,
,298,2025/02/04,,
,298,2025/02/05,,
,298,2025/02/06,,
,298,2025/02/09,,
,298,2025/02/10,,
,298,2025/02/11,,
,298,2025/02/12,,
,298,2025/02/13,,
,298,2025/02/16,,
,298,2025/02/17,,
,298,2025/02/18,,
,298,2025/02/19,,
,298,2025/02/20,,
,299,2025/01/20,,
,299,2025/01/21,,
,299,2025/01/22,,
,299,2025/01/23,,
,299,2025/01/26,,
,299,2025/01/27,,
,299,2025/01/28,,
,299,2025/01/29,,
,299,2025/01/30,,
,299,2025/02/02,,
,299,2025/02/03,,
,299,2025/02/04,,
,299,2025/02/05,,
,299,2025/02/06,,
,299,2025/02/09,,
,299,2025/02/10,,
,299,2025/02/11,,
,299,2025/02/12,,
,299,2025/02/13,,
,299,2025/02/16,,
,299,2025/02/17,,
,299,2025/02/18,,
,299,2025/02/19,,
,299,2025/02/20,,
,309,2025/01/20,,
,309,2025/01/21,,
,309,2025/01/22,,
,309,2025/01/23,,
,309,2025/01/26,,
,309,2025/01/27,,
,309,2025/01/28,,
,309,2025/01/29,,
,309,2025/01/30,,
,309,2025/02/02,,
,309,2025/02/03,,
,309,2025/02/04,,
,309,2025/02/05,,
,309,2025/02/06,,
,309,2025/02/09,,
,309,2025/02/10,,
,309,2025/02/11,,
,309,2025/02/12,,
,309,2025/02/13,,
,309,2025/02/16,,
,309,2025/02/17,,
,309,2025/02/18,,
,309,2025/02/19,,
,309,2025/02/20,,
,311,2025/01/20,,
,311,2025/01/21,,
,311,2025/01/22,,
,311,2025/01/23,,
,311,2025/01/26,,
,311,2025/01/27,,
,311,2025/01/28,,
,311,2025/01/29,,
,311,2025/01/30,,
,311,2025/02/02,,
,311,2025/02/03,,
,311,2025/02/04,,
,311,2025/02/05,,
,311,2025/02/06,,
,311,2025/02/09,,
,311,2025/02/10,,
,311,2025/02/11,,
,311,2025/02/12,,
,311,2025/02/13,,
,311,2025/02/16,,
,311,2025/02/17,,
,311,2025/02/18,,
,311,2025/02/19,,
,311,2025/02/20,,
,316,2025/01/20,,
,316,2025/01/21,,
,316,2025/01/22,,
,316,2025/01/23,,
,316,2025/01/26,,
,316,2025/01/27,,
,316,2025/01/28,,
,316,2025/01/29,,
,316,2025/01/30,,
,316,2025/02/02,,
,316,2025/02/03,,
,316,2025/02/04,,
,316,2025/02/05,,
,316,2025/02/06,,
,316,2025/02/09,,
,316,2025/02/10,,
,316,2025/02/11,,
,316,2025/02/12,,
,316,2025/02/13,,
,316,2025/02/16,,
,316,2025/02/17,,
,316,2025/02/18,,
,316,2025/02/19,,
,316,2025/02/20,,
,318,2025/01/20,,
,318,2025/01/21,,
,318,2025/01/22,,
,318,2025/01/23,,
,318,2025/01/26,,
,318,2025/01/27,,
,318,2025/01/28,,
,318,2025/01/29,,
,318,2025/01/30,,
,318,2025/02/02,,
,318,2025/02/03,,
,318,2025/02/04,,
,318,2025/02/05,,
,318,2025/02/06,,
,318,2025/02/09,,
,318,2025/02/10,,
,318,2025/02/11,,
,318,2025/02/12,,
,318,2025/02/13,,
,318,2025/02/16,,
,318,2025/02/17,,
,318,2025/02/18,,
,318,2025/02/19,,
,318,2025/02/20,,
,322,2025/01/20,07:38,16:30
,322,2025/01/21,07:46,16:30
,322,2025/01/22,08:15,15:50
,322,2025/01/23,07:10,16:32
,322,2025/01/26,07:36,16:30
,322,2025/01/27,07:33,16:30
,322,2025/01/28,07:31,16:30
,322,2025/01/29,08:23,16:27
,322,2025/01/30,07:37,14:01
,322,2025/02/02,,
,322,2025/02/03,,
,322,2025/02/04,,
,322,2025/02/05,,
,322,2025/02/06,,
,322,2025/02/09,,
,322,2025/02/10,,
,322,2025/02/11,,16:30
,322,2025/02/12,07:43,16:30
,322,2025/02/13,08:00,16:31
,322,2025/02/16,,
,322,2025/02/17,07:55,16:35
,322,2025/02/18,07:48,16:31
,322,2025/02/19,08:53,16:37
,322,2025/02/20,07:31,16:35
,323,2025/01/20,,
,323,2025/01/21,,
,323,2025/01/22,,
,323,2025/01/23,,
,323,2025/01/26,,
,323,2025/01/27,,
,323,2025/01/28,,
,323,2025/01/29,,
,323,2025/01/30,,
,323,2025/02/02,,
,323,2025/02/03,,
,323,2025/02/04,,
,323,2025/02/05,,
,323,2025/02/06,,
,323,2025/02/09,,
,323,2025/02/10,,
,323,2025/02/11,,
,323,2025/02/12,,
,323,2025/02/13,,
,323,2025/02/16,,
,323,2025/02/17,,
,323,2025/02/18,,
,323,2025/02/19,,
,323,2025/02/20,,
,324,2025/01/20,,
,324,2025/01/21,,
,324,2025/01/22,,
,324,2025/01/23,,
,324,2025/01/26,,
,324,2025/01/27,,
,324,2025/01/28,,
,324,2025/01/29,,
,324,2025/01/30,,
,324,2025/02/02,,
,324,2025/02/03,,
,324,2025/02/04,,
,324,2025/02/05,,
,324,2025/02/06,,
,324,2025/02/09,,
,324,2025/02/10,,
,324,2025/02/11,,
,324,2025/02/12,,
,324,2025/02/13,,
,324,2025/02/16,,
,324,2025/02/17,,
,324,2025/02/18,,
,324,2025/02/19,,
,324,2025/02/20,,
,327,2025/01/20,,
,327,2025/01/21,,
,327,2025/01/22,,
,327,2025/01/23,,
,327,2025/01/26,,
,327,2025/01/27,,
,327,2025/01/28,,
,327,2025/01/29,,
,327,2025/01/30,,
,327,2025/02/02,,
,327,2025/02/03,,
,327,2025/02/04,,
,327,2025/02/05,,
,327,2025/02/06,,
,327,2025/02/09,,
,327,2025/02/10,,
,327,2025/02/11,,
,327,2025/02/12,,
,327,2025/02/13,,
,327,2025/02/16,,
,327,2025/02/17,,
,327,2025/02/18,,
,327,2025/02/19,,
,327,2025/02/20,,
,328,2025/01/20,,
,328,2025/01/21,,
,328,2025/01/22,,
,328,2025/01/23,,
,328,2025/01/26,,
,328,2025/01/27,,
,328,2025/01/28,,
,328,2025/01/29,,
,328,2025/01/30,,
,328,2025/02/02,,
,328,2025/02/03,,
,328,2025/02/04,,
,328,2025/02/05,,
,328,2025/02/06,,
,328,2025/02/09,,
,328,2025/02/10,,
,328,2025/02/11,,
,328,2025/02/12,,
,328,2025/02/13,,
,328,2025/02/16,,
,328,2025/02/17,,
,328,2025/02/18,,
,328,2025/02/19,,
,328,2025/02/20,,
,331,2025/01/20,,
,331,2025/01/21,,
,331,2025/01/22,,
,331,2025/01/23,,
,331,2025/01/26,,
,331,2025/01/27,,
,331,2025/01/28,,
,331,2025/01/29,,
,331,2025/01/30,,
,331,2025/02/02,,
,331,2025/02/03,,
,331,2025/02/04,,
,331,2025/02/05,,
,331,2025/02/06,,
,331,2025/02/09,,
,331,2025/02/10,,
,331,2025/02/11,,
,331,2025/02/12,,
,331,2025/02/13,,
,331,2025/02/16,,
,331,2025/02/17,,
,331,2025/02/18,,
,331,2025/02/19,,
,331,2025/02/20,,
,332,2025/01/20,,
,332,2025/01/21,,
,332,2025/01/22,,
,332,2025/01/23,,
,332,2025/01/26,,
,332,2025/01/27,,
,332,2025/01/28,,
,332,2025/01/29,,
,332,2025/01/30,,
,332,2025/02/02,,
,332,2025/02/03,,
,332,2025/02/04,,
,332,2025/02/05,,
,332,2025/02/06,,
,332,2025/02/09,,
,332,2025/02/10,,
,332,2025/02/11,,
,332,2025/02/12,,
,332,2025/02/13,,
,332,2025/02/16,,
,332,2025/02/17,,
,332,2025/02/18,,
,332,2025/02/19,,
,332,2025/02/20,,
,338,2025/01/20,,
,338,2025/01/21,,
,338,2025/01/22,,
,338,2025/01/23,,
,338,2025/01/26,,
,338,2025/01/27,,
,338,2025/01/28,,
,338,2025/01/29,,
,338,2025/01/30,,
,338,2025/02/02,,
,338,2025/02/03,,
,338,2025/02/04,,
,338,2025/02/05,,
,338,2025/02/06,,
,338,2025/02/09,,
,338,2025/02/10,,
,338,2025/02/11,,
,338,2025/02/12,,
,338,2025/02/13,,
,338,2025/02/16,,
,338,2025/02/17,,
,338,2025/02/18,,
,338,2025/02/19,,
,338,2025/02/20,,
,342,2025/01/20,07:46,16:38
,342,2025/01/21,07:39,
,342,2025/01/22,07:36,16:36
,342,2025/01/23,07:30,16:35
,342,2025/01/26,07:42,16:31
,342,2025/01/27,07:50,16:32
,342,2025/01/28,07:36,16:33
,342,2025/01/29,07:37,16:32
,342,2025/01/30,07:38,16:46
,342,2025/02/02,07:34,16:33
,342,2025/02/03,07:35,16:36
,342,2025/02/04,07:36,16:34
,342,2025/02/05,,
,342,2025/02/06,07:42,16:38
,342,2025/02/09,07:27,16:41
,342,2025/02/10,07:36,16:32
,342,2025/02/11,07:32,16:31
,342,2025/02/12,07:31,16:41
,342,2025/02/13,07:33,16:36
,342,2025/02/16,08:05,16:32
,342,2025/02/17,07:36,16:37
,342,2025/02/18,,16:38
,342,2025/02/19,07:37,16:32
,342,2025/02/20,07:31,16:31
,346,2025/01/20,,
,346,2025/01/21,,
,346,2025/01/22,,
,346,2025/01/23,,
,346,2025/01/26,,
,346,2025/01/27,,
,346,2025/01/28,,
,346,2025/01/29,,
,346,2025/01/30,,
,346,2025/02/02,,
,346,2025/02/03,,
,346,2025/02/04,,
,346,2025/02/05,,
,346,2025/02/06,,
,346,2025/02/09,,
,346,2025/02/10,,
,346,2025/02/11,,
,346,2025/02/12,,
,346,2025/02/13,,
,346,2025/02/16,,
,346,2025/02/17,,
,346,2025/02/18,,
,346,2025/02/19,,
,346,2025/02/20,,
,347,2025/01/20,,
,347,2025/01/21,,
,347,2025/01/22,,
,347,2025/01/23,,
,347,2025/01/26,,
,347,2025/01/27,,
,347,2025/01/28,,
,347,2025/01/29,,
,347,2025/01/30,,
,347,2025/02/02,,
,347,2025/02/03,,
,347,2025/02/04,,
,347,2025/02/05,,
,347,2025/02/06,,
,347,2025/02/09,,
,347,2025/02/10,,
,347,2025/02/11,,
,347,2025/02/12,,
,347,2025/02/13,,
,347,2025/02/16,,
,347,2025/02/17,,
,347,2025/02/18,,
,347,2025/02/19,,
,347,2025/02/20,,
,348,2025/01/20,,
,348,2025/01/21,,
,348,2025/01/22,,
,348,2025/01/23,,
,348,2025/01/26,,
,348,2025/01/27,,
,348,2025/01/28,,
,348,2025/01/29,,
,348,2025/01/30,,
,348,2025/02/02,,
,348,2025/02/03,,
,348,2025/02/04,,
,348,2025/02/05,,
,348,2025/02/06,,
,348,2025/02/09,,
,348,2025/02/10,,
,348,2025/02/11,,
,348,2025/02/12,,
,348,2025/02/13,,
,348,2025/02/16,,
,348,2025/02/17,,
,348,2025/02/18,,
,348,2025/02/19,,
,348,2025/02/20,,
,349,2025/01/20,,
,349,2025/01/21,,
,349,2025/01/22,,
,349,2025/01/23,,
,349,2025/01/26,,
,349,2025/01/27,,
,349,2025/01/28,,
,349,2025/01/29,,
,349,2025/01/30,,
,349,2025/02/02,,
,349,2025/02/03,,
,349,2025/02/04,,
,349,2025/02/05,,
,349,2025/02/06,,
,349,2025/02/09,,
,349,2025/02/10,,
,349,2025/02/11,,
,349,2025/02/12,,
,349,2025/02/13,,
,349,2025/02/16,,
,349,2025/02/17,,
,349,2025/02/18,,
,349,2025/02/19,,
,349,2025/02/20,,
,351,2025/01/20,,
,351,2025/01/21,,
,351,2025/01/22,,
,351,2025/01/23,,
,351,2025/01/26,,
,351,2025/01/27,,
,351,2025/01/28,,
,351,2025/01/29,,
,351,2025/01/30,,
,351,2025/02/02,,
,351,2025/02/03,,
,351,2025/02/04,,
,351,2025/02/05,,
,351,2025/02/06,,
,351,2025/02/09,,
,351,2025/02/10,,
,351,2025/02/11,,
,351,2025/02/12,,
,351,2025/02/13,,
,351,2025/02/16,,
,351,2025/02/17,,
,351,2025/02/18,,
,351,2025/02/19,,
,351,2025/02/20,,
,353,2025/01/20,,
,353,2025/01/21,,
,353,2025/01/22,,
,353,2025/01/23,,
,353,2025/01/26,,
,353,2025/01/27,,
,353,2025/01/28,,
,353,2025/01/29,,
,353,2025/01/30,,
,353,2025/02/02,,
,353,2025/02/03,,
,353,2025/02/04,,
,353,2025/02/05,,
,353,2025/02/06,,
,353,2025/02/09,,
,353,2025/02/10,,
,353,2025/02/11,,
,353,2025/02/12,,
,353,2025/02/13,,
,353,2025/02/16,,
,353,2025/02/17,,
,353,2025/02/18,,
,353,2025/02/19,,
,353,2025/02/20,,
,355,2025/01/20,,
,355,2025/01/21,,
,355,2025/01/22,,
,355,2025/01/23,,
,355,2025/01/26,,
,355,2025/01/27,,
,355,2025/01/28,,
,355,2025/01/29,,
,355,2025/01/30,,
,355,2025/02/02,,
,355,2025/02/03,,
,355,2025/02/04,,
,355,2025/02/05,,
,355,2025/02/06,,
,355,2025/02/09,,
,355,2025/02/10,,
,355,2025/02/11,,
,355,2025/02/12,,
,355,2025/02/13,,
,355,2025/02/16,,
,355,2025/02/17,,
,355,2025/02/18,,
,355,2025/02/19,,
,355,2025/02/20,,
,356,2025/01/20,,
,356,2025/01/21,,
,356,2025/01/22,,
,356,2025/01/23,,
,356,2025/01/26,,
,356,2025/01/27,,
,356,2025/01/28,,
,356,2025/01/29,,
,356,2025/01/30,,
,356,2025/02/02,,
,356,2025/02/03,,
,356,2025/02/04,,
,356,2025/02/05,,
,356,2025/02/06,,
,356,2025/02/09,,
,356,2025/02/10,,
,356,2025/02/11,,
,356,2025/02/12,,
,356,2025/02/13,,
,356,2025/02/16,,
,356,2025/02/17,,
,356,2025/02/18,,
,356,2025/02/19,,
,356,2025/02/20,,
,358,2025/01/20,09:05,15:26
,358,2025/01/21,,
,358,2025/01/22,08:19,15:31
,358,2025/01/23,07:27,15:45
,358,2025/01/26,07:48,15:39
,358,2025/01/27,09:39,15:34
,358,2025/01/28,07:56,15:35
,358,2025/01/29,09:04,15:29
,358,2025/01/30,09:17,15:28
,358,2025/02/02,08:51,15:49
,358,2025/02/03,08:20,15:48
,358,2025/02/04,07:49,15:45
,358,2025/02/05,07:47,
,358,2025/02/06,,
,358,2025/02/09,07:55,15:34
,358,2025/02/10,07:56,15:31
,358,2025/02/11,07:35,
,358,2025/02/12,07:31,15:30
,358,2025/02/13,08:22,
,358,2025/02/16,09:17,15:30
,358,2025/02/17,07:28,15:41
,358,2025/02/18,07:32,15:28
,358,2025/02/19,07:40,15:38
,358,2025/02/20,07:47,
,359,2025/01/20,,
,359,2025/01/21,,
,359,2025/01/22,,
,359,2025/01/23,,
,359,2025/01/26,,
,359,2025/01/27,,
,359,2025/01/28,,
,359,2025/01/29,,
,359,2025/01/30,,
,359,2025/02/02,,
,359,2025/02/03,,
,359,2025/02/04,,
,359,2025/02/05,,
,359,2025/02/06,,
,359,2025/02/09,,
,359,2025/02/10,,
,359,2025/02/11,,
,359,2025/02/12,,
,359,2025/02/13,,
,359,2025/02/16,,
,359,2025/02/17,,
,359,2025/02/18,,
,359,2025/02/19,,
,359,2025/02/20,,
,361,2025/01/20,,
,361,2025/01/21,,
,361,2025/01/22,,
,361,2025/01/23,,
,361,2025/01/26,,
,361,2025/01/27,,
,361,2025/01/28,,
,361,2025/01/29,,
,361,2025/01/30,,
,361,2025/02/02,,
,361,2025/02/03,,
,361,2025/02/04,,
,361,2025/02/05,,
,361,2025/02/06,,
,361,2025/02/09,,
,361,2025/02/10,,
,361,2025/02/11,,
,361,2025/02/12,,
,361,2025/02/13,,
,361,2025/02/16,,
,361,2025/02/17,,
,361,2025/02/18,,
,361,2025/02/19,,
,361,2025/02/20,,
,368,2025/01/20,,
,368,2025/01/21,,
,368,2025/01/22,,
,368,2025/01/23,,
,368,2025/01/26,,
,368,2025/01/27,07:50,16:57
,368,2025/01/28,07:59,17:41
,368,2025/01/29,07:36,17:14
,368,2025/01/30,07:33,17:32
,368,2025/02/02,07:41,17:49
,368,2025/02/03,07:38,17:18
,368,2025/02/04,07:52,17:03
,368,2025/02/05,07:46,17:09
,368,2025/02/06,07:45,17:37
,368,2025/02/09,07:38,17:39
,368,2025/02/10,07:36,17:42
,368,2025/02/11,07:40,17:04
,368,2025/02/12,07:47,17:26
,368,2025/02/13,07:36,17:00
,368,2025/02/16,08:00,17:14
,368,2025/02/17,07:54,18:05
,368,2025/02/18,07:42,16:53
,368,2025/02/19,07:38,17:31
,368,2025/02/20,07:39,17:44
,369,2025/01/20,,
,369,2025/01/21,,
,369,2025/01/22,,
,369,2025/01/23,,
,369,2025/01/26,,
,369,2025/01/27,,
,369,2025/01/28,,
,369,2025/01/29,09:29,
,369,2025/01/30,,
,369,2025/02/02,,
,369,2025/02/03,,
,369,2025/02/04,,
,369,2025/02/05,09:55,
,369,2025/02/06,,
,369,2025/02/09,,
,369,2025/02/10,,
,369,2025/02/11,,
,369,2025/02/12,,
,369,2025/02/13,08:40,
,369,2025/02/16,,
,369,2025/02/17,,
,369,2025/02/18,,
,369,2025/02/19,,
,369,2025/02/20,,
,370,2025/01/20,07:44,16:43
,370,2025/01/21,07:44,17:35
,370,2025/01/22,07:42,16:40
,370,2025/01/23,07:42,16:59
,370,2025/01/26,07:50,16:32
,370,2025/01/27,07:44,17:05
,370,2025/01/28,08:15,16:34
,370,2025/01/29,07:53,16:34
,370,2025/01/30,07:46,16:46
,370,2025/02/02,08:04,16:30
,370,2025/02/03,07:50,16:37
,370,2025/02/04,07:49,16:39
,370,2025/02/05,07:55,16:34
,370,2025/02/06,07:42,16:35
,370,2025/02/09,07:40,16:46
,370,2025/02/10,07:47,16:32
,370,2025/02/11,07:34,16:41
,370,2025/02/12,07:40,16:30
,370,2025/02/13,07:44,16:31
,370,2025/02/16,,
,370,2025/02/17,,
,370,2025/02/18,07:50,16:31
,370,2025/02/19,07:42,16:31
,370,2025/02/20,07:44,16:40
,371,2025/01/20,,
,371,2025/01/21,,
,371,2025/01/22,,
,371,2025/01/23,,
,371,2025/01/26,09:14,
,371,2025/01/27,,
,371,2025/01/28,,
,371,2025/01/29,10:25,16:34
,371,2025/01/30,10:24,16:53
,371,2025/02/02,09:15,15:30
,371,2025/02/03,10:22,16:18
,371,2025/02/04,10:25,16:24
,371,2025/02/05,10:20,
,371,2025/02/06,,16:22
,371,2025/02/09,09:14,14:45
,371,2025/02/10,,
,371,2025/02/11,,
,371,2025/02/12,,
,371,2025/02/13,,
,371,2025/02/16,09:11,16:26
,371,2025/02/17,,17:38
,371,2025/02/18,,16:45
,371,2025/02/19,,16:30
,371,2025/02/20,,16:34
,372,2025/01/20,,
,372,2025/01/21,,
,372,2025/01/22,,
,372,2025/01/23,,
,372,2025/01/26,,
,372,2025/01/27,,
,372,2025/01/28,,
,372,2025/01/29,,
,372,2025/01/30,,
,372,2025/02/02,,
,372,2025/02/03,,
,372,2025/02/04,,
,372,2025/02/05,,
,372,2025/02/06,,
,372,2025/02/09,,
,372,2025/02/10,,
,372,2025/02/11,,
,372,2025/02/12,,
,372,2025/02/13,,
,372,2025/02/16,,
,372,2025/02/17,,
,372,2025/02/18,,
,372,2025/02/19,,
,372,2025/02/20,,
,373,2025/01/20,,
,373,2025/01/21,,
,373,2025/01/22,,
,373,2025/01/23,,
,373,2025/01/26,,
,373,2025/01/27,,
,373,2025/01/28,,
,373,2025/01/29,,
,373,2025/01/30,,
,373,2025/02/02,,
,373,2025/02/03,,
,373,2025/02/04,,
,373,2025/02/05,,
,373,2025/02/06,,
,373,2025/02/09,,
,373,2025/02/10,,
,373,2025/02/11,,
,373,2025/02/12,,
,373,2025/02/13,,
,373,2025/02/16,,
,373,2025/02/17,,
,373,2025/02/18,,
,373,2025/02/19,,
,373,2025/02/20,,
,374,2025/01/20,,
,374,2025/01/21,,
,374,2025/01/22,,
,374,2025/01/23,,
,374,2025/01/26,,
,374,2025/01/27,,
,374,2025/01/28,,
,374,2025/01/29,,
,374,2025/01/30,,
,374,2025/02/02,,
,374,2025/02/03,,
,374,2025/02/04,,
,374,2025/02/05,,
,374,2025/02/06,,
,374,2025/02/09,,
,374,2025/02/10,,
,374,2025/02/11,,
,374,2025/02/12,,
,374,2025/02/13,,
,374,2025/02/16,,
,374,2025/02/17,,
,374,2025/02/18,,
,374,2025/02/19,,
,374,2025/02/20,,
,375,2025/01/20,,
,375,2025/01/21,,
,375,2025/01/22,,
,375,2025/01/23,,
,375,2025/01/26,,
,375,2025/01/27,,
,375,2025/01/28,,
,375,2025/01/29,,
,375,2025/01/30,,
,375,2025/02/02,,
,375,2025/02/03,,
,375,2025/02/04,,
,375,2025/02/05,,
,375,2025/02/06,,
,375,2025/02/09,,
,375,2025/02/10,,
,375,2025/02/11,,
,375,2025/02/12,,
,375,2025/02/13,,
,375,2025/02/16,,
,375,2025/02/17,,
,375,2025/02/18,,
,375,2025/02/19,,
,375,2025/02/20,,
,377,2025/01/20,,
,377,2025/01/21,,
,377,2025/01/22,,
,377,2025/01/23,,
,377,2025/01/26,,
,377,2025/01/27,,
,377,2025/01/28,,
,377,2025/01/29,,
,377,2025/01/30,,
,377,2025/02/02,,
,377,2025/02/03,,
,377,2025/02/04,,
,377,2025/02/05,,
,377,2025/02/06,,
,377,2025/02/09,,
,377,2025/02/10,,
,377,2025/02/11,,
,377,2025/02/12,,
,377,2025/02/13,,
,377,2025/02/16,,
,377,2025/02/17,,
,377,2025/02/18,,
,377,2025/02/19,,
,377,2025/02/20,,
,379,2025/01/20,,
,379,2025/01/21,,
,379,2025/01/22,,
,379,2025/01/23,,
,379,2025/01/26,,
,379,2025/01/27,,
,379,2025/01/28,,
,379,2025/01/29,,
,379,2025/01/30,,
,379,2025/02/02,,
,379,2025/02/03,,
,379,2025/02/04,,
,379,2025/02/05,,
,379,2025/02/06,,
,379,2025/02/09,,
,379,2025/02/10,,
,379,2025/02/11,,
,379,2025/02/12,,
,379,2025/02/13,,
,379,2025/02/16,,
,379,2025/02/17,,
,379,2025/02/18,,
,379,2025/02/19,,
,379,2025/02/20,,
,382,2025/01/20,,
,382,2025/01/21,,
,382,2025/01/22,,
,382,2025/01/23,,
,382,2025/01/26,,
,382,2025/01/27,,
,382,2025/01/28,,
,382,2025/01/29,,
,382,2025/01/30,,
,382,2025/02/02,,
,382,2025/02/03,,
,382,2025/02/04,,
,382,2025/02/05,,
,382,2025/02/06,,
,382,2025/02/09,,
,382,2025/02/10,,
,382,2025/02/11,,
,382,2025/02/12,,
,382,2025/02/13,,
,382,2025/02/16,,
,382,2025/02/17,,
,382,2025/02/18,,
,382,2025/02/19,,
,382,2025/02/20,,
,383,2025/01/20,07:51,16:06
,383,2025/01/21,07:34,16:31
,383,2025/01/22,07:40,16:09
,383,2025/01/23,08:21,
,383,2025/01/26,08:33,16:26
,383,2025/01/27,07:33,15:39
,383,2025/01/28,07:36,16:13
,383,2025/01/29,07:42,16:11
,383,2025/01/30,08:32,16:16
,383,2025/02/02,07:47,
,383,2025/02/03,08:23,
,383,2025/02/04,,
,383,2025/02/05,07:42,16:01
,383,2025/02/06,,
,383,2025/02/09,,
,383,2025/02/10,,
,383,2025/02/11,,
,383,2025/02/12,08:48,15:57
,383,2025/02/13,08:50,14:44
,383,2025/02/16,07:49,
,383,2025/02/17,,
,383,2025/02/18,,
,383,2025/02/19,,
,383,2025/02/20,,
,384,2025/01/20,,
,384,2025/01/21,,
,384,2025/01/22,,
,384,2025/01/23,,
,384,2025/01/26,,
,384,2025/01/27,,
,384,2025/01/28,,
,384,2025/01/29,,
,384,2025/01/30,,
,384,2025/02/02,,
,384,2025/02/03,,
,384,2025/02/04,,
,384,2025/02/05,,
,384,2025/02/06,,
,384,2025/02/09,,
,384,2025/02/10,,
,384,2025/02/11,,
,384,2025/02/12,,
,384,2025/02/13,,
,384,2025/02/16,,
,384,2025/02/17,,
,384,2025/02/18,,
,384,2025/02/19,,
,384,2025/02/20,,
,386,2025/01/20,,
,386,2025/01/21,,
,386,2025/01/22,,
,386,2025/01/23,,
,386,2025/01/26,,
,386,2025/01/27,,
,386,2025/01/28,,
,386,2025/01/29,,
,386,2025/01/30,,
,386,2025/02/02,,
,386,2025/02/03,,
,386,2025/02/04,,
,386,2025/02/05,,
,386,2025/02/06,,
,386,2025/02/09,,
,386,2025/02/10,,
,386,2025/02/11,,
,386,2025/02/12,,
,386,2025/02/13,,
,386,2025/02/16,,
,386,2025/02/17,,
,386,2025/02/18,,
,386,2025/02/19,,
,386,2025/02/20,,
,387,2025/01/20,,
,387,2025/01/21,,
,387,2025/01/22,,
,387,2025/01/23,,
,387,2025/01/26,,
,387,2025/01/27,,
,387,2025/01/28,,
,387,2025/01/29,,
,387,2025/01/30,,
,387,2025/02/02,,
,387,2025/02/03,,
,387,2025/02/04,,
,387,2025/02/05,,
,387,2025/02/06,,
,387,2025/02/09,,
,387,2025/02/10,,
,387,2025/02/11,,
,387,2025/02/12,,
,387,2025/02/13,,
,387,2025/02/16,,
,387,2025/02/17,,
,387,2025/02/18,,
,387,2025/02/19,,
,387,2025/02/20,,
,388,2025/01/20,,
,388,2025/01/21,,
,388,2025/01/22,,
,388,2025/01/23,,
,388,2025/01/26,,
,388,2025/01/27,,
,388,2025/01/28,,
,388,2025/01/29,,
,388,2025/01/30,,
,388,2025/02/02,,
,388,2025/02/03,,
,388,2025/02/04,,
,388,2025/02/05,,
,388,2025/02/06,,
,388,2025/02/09,,
,388,2025/02/10,,
,388,2025/02/11,,
,388,2025/02/12,,
,388,2025/02/13,,
,388,2025/02/16,,
,388,2025/02/17,,
,388,2025/02/18,,
,388,2025/02/19,,
,388,2025/02/20,,
,390,2025/01/20,,
,390,2025/01/21,,
,390,2025/01/22,,
,390,2025/01/23,,
,390,2025/01/26,,
,390,2025/01/27,,
,390,2025/01/28,,
,390,2025/01/29,,
,390,2025/01/30,,
,390,2025/02/02,,
,390,2025/02/03,,
,390,2025/02/04,,
,390,2025/02/05,,
,390,2025/02/06,,
,390,2025/02/09,,
,390,2025/02/10,,
,390,2025/02/11,,
,390,2025/02/12,,
,390,2025/02/13,,
,390,2025/02/16,,
,390,2025/02/17,,
,390,2025/02/18,,
,390,2025/02/19,,
,390,2025/02/20,,
,391,2025/01/20,,
,391,2025/01/21,,
,391,2025/01/22,,
,391,2025/01/23,,
,391,2025/01/26,,
,391,2025/01/27,,
,391,2025/01/28,,
,391,2025/01/29,,
,391,2025/01/30,,
,391,2025/02/02,,
,391,2025/02/03,,
,391,2025/02/04,,
,391,2025/02/05,,
,391,2025/02/06,,
,391,2025/02/09,,
,391,2025/02/10,,
,391,2025/02/11,,
,391,2025/02/12,,
,391,2025/02/13,,
,391,2025/02/16,,
,391,2025/02/17,,
,391,2025/02/18,,
,391,2025/02/19,,
,391,2025/02/20,,
,393,2025/01/20,,
,393,2025/01/21,,
,393,2025/01/22,,
,393,2025/01/23,,
,393,2025/01/26,,
,393,2025/01/27,,
,393,2025/01/28,,
,393,2025/01/29,,
,393,2025/01/30,,
,393,2025/02/02,,
,393,2025/02/03,,
,393,2025/02/04,,
,393,2025/02/05,,
,393,2025/02/06,,
,393,2025/02/09,,
,393,2025/02/10,,
,393,2025/02/11,,
,393,2025/02/12,,
,393,2025/02/13,,
,393,2025/02/16,,
,393,2025/02/17,,
,393,2025/02/18,,
,393,2025/02/19,,
,393,2025/02/20,,
,394,2025/01/20,,
,394,2025/01/21,,
,394,2025/01/22,,
,394,2025/01/23,,
,394,2025/01/26,,
,394,2025/01/27,,
,394,2025/01/28,,
,394,2025/01/29,,
,394,2025/01/30,,
,394,2025/02/02,,
,394,2025/02/03,,
,394,2025/02/04,,
,394,2025/02/05,,
,394,2025/02/06,,
,394,2025/02/09,,
,394,2025/02/10,,
,394,2025/02/11,,
,394,2025/02/12,,
,394,2025/02/13,,
,394,2025/02/16,,
,394,2025/02/17,,
,394,2025/02/18,,
,394,2025/02/19,,
,394,2025/02/20,,
,395,2025/01/20,,
,395,2025/01/21,,
,395,2025/01/22,,
,395,2025/01/23,,
,395,2025/01/26,,
,395,2025/01/27,,
,395,2025/01/28,,
,395,2025/01/29,,
,395,2025/01/30,,
,395,2025/02/02,,
,395,2025/02/03,,
,395,2025/02/04,,
,395,2025/02/05,,
,395,2025/02/06,,
,395,2025/02/09,,
,395,2025/02/10,,
,395,2025/02/11,,
,395,2025/02/12,,
,395,2025/02/13,,
,395,2025/02/16,,
,395,2025/02/17,,
,395,2025/02/18,,
,395,2025/02/19,,
,395,2025/02/20,,
,396,2025/01/20,,
,396,2025/01/21,,
,396,2025/01/22,,
,396,2025/01/23,,
,396,2025/01/26,,
,396,2025/01/27,,
,396,2025/01/28,,
,396,2025/01/29,,
,396,2025/01/30,,
,396,2025/02/02,,
,396,2025/02/03,,
,396,2025/02/04,,
,396,2025/02/05,,
,396,2025/02/06,,
,396,2025/02/09,,
,396,2025/02/10,,
,396,2025/02/11,,
,396,2025/02/12,,
,396,2025/02/13,,
,396,2025/02/16,,
,396,2025/02/17,,
,396,2025/02/18,,
,396,2025/02/19,,
,396,2025/02/20,,
,399,2025/01/20,,
,399,2025/01/21,,
,399,2025/01/22,,
,399,2025/01/23,,
,399,2025/01/26,,
,399,2025/01/27,,
,399,2025/01/28,,
,399,2025/01/29,,
,399,2025/01/30,,
,399,2025/02/02,,
,399,2025/02/03,,
,399,2025/02/04,,
,399,2025/02/05,,
,399,2025/02/06,,
,399,2025/02/09,,
,399,2025/02/10,,
,399,2025/02/11,,
,399,2025/02/12,,
,399,2025/02/13,,
,399,2025/02/16,,
,399,2025/02/17,,
,399,2025/02/18,,
,399,2025/02/19,,
,399,2025/02/20,,
,402,2025/01/20,,
,402,2025/01/21,,
,402,2025/01/22,,
,402,2025/01/23,,
,402,2025/01/26,,
,402,2025/01/27,,
,402,2025/01/28,,
,402,2025/01/29,,
,402,2025/01/30,,
,402,2025/02/02,,
,402,2025/02/03,,
,402,2025/02/04,,
,402,2025/02/05,,
,402,2025/02/06,,
,402,2025/02/09,,
,402,2025/02/10,,
,402,2025/02/11,,
,402,2025/02/12,,
,402,2025/02/13,,
,402,2025/02/16,,
,402,2025/02/17,,
,402,2025/02/18,,
,402,2025/02/19,,
,402,2025/02/20,,
,403,2025/01/20,,
,403,2025/01/21,,
,403,2025/01/22,,
,403,2025/01/23,,
,403,2025/01/26,,
,403,2025/01/27,,
,403,2025/01/28,,
,403,2025/01/29,,
,403,2025/01/30,,
,403,2025/02/02,,
,403,2025/02/03,,
,403,2025/02/04,,
,403,2025/02/05,,
,403,2025/02/06,,
,403,2025/02/09,,
,403,2025/02/10,,
,403,2025/02/11,,
,403,2025/02/12,,
,403,2025/02/13,,
,403,2025/02/16,,
,403,2025/02/17,,
,403,2025/02/18,,
,403,2025/02/19,,
,403,2025/02/20,,17:23
,404,2025/01/20,,
,404,2025/01/21,,
,404,2025/01/22,,
,404,2025/01/23,,
,404,2025/01/26,,
,404,2025/01/27,,
,404,2025/01/28,,
,404,2025/01/29,,
,404,2025/01/30,,
,404,2025/02/02,,
,404,2025/02/03,,
,404,2025/02/04,,
,404,2025/02/05,,
,404,2025/02/06,,
,404,2025/02/09,,
,404,2025/02/10,,
,404,2025/02/11,,
,404,2025/02/12,,
,404,2025/02/13,,
,404,2025/02/16,,
,404,2025/02/17,,
,404,2025/02/18,,
,404,2025/02/19,,
,404,2025/02/20,,
,407,2025/01/20,,
,407,2025/01/21,,
,407,2025/01/22,,
,407,2025/01/23,,
,407,2025/01/26,,
,407,2025/01/27,,
,407,2025/01/28,,
,407,2025/01/29,,
,407,2025/01/30,,
,407,2025/02/02,,
,407,2025/02/03,,
,407,2025/02/04,,
,407,2025/02/05,,
,407,2025/02/06,,
,407,2025/02/09,,
,407,2025/02/10,,
,407,2025/02/11,,
,407,2025/02/12,,
,407,2025/02/13,,
,407,2025/02/16,,
,407,2025/02/17,,
,407,2025/02/18,,
,407,2025/02/19,,
,407,2025/02/20,,
,409,2025/01/20,,
,409,2025/01/21,,
,409,2025/01/22,,
,409,2025/01/23,,
,409,2025/01/26,,
,409,2025/01/27,,
,409,2025/01/28,,
,409,2025/01/29,,
,409,2025/01/30,,
,409,2025/02/02,,
,409,2025/02/03,,
,409,2025/02/04,,
,409,2025/02/05,,
,409,2025/02/06,,
,409,2025/02/09,,
,409,2025/02/10,,
,409,2025/02/11,,
,409,2025/02/12,,
,409,2025/02/13,,
,409,2025/02/16,,
,409,2025/02/17,,
,409,2025/02/18,,
,409,2025/02/19,,
,409,2025/02/20,,
,410,2025/01/20,,
,410,2025/01/21,,
,410,2025/01/22,,
,410,2025/01/23,,
,410,2025/01/26,,
,410,2025/01/27,,
,410,2025/01/28,,
,410,2025/01/29,,
,410,2025/01/30,,
,410,2025/02/02,,
,410,2025/02/03,,
,410,2025/02/04,,
,410,2025/02/05,,
,410,2025/02/06,,
,410,2025/02/09,,
,410,2025/02/10,,
,410,2025/02/11,,
,410,2025/02/12,,
,410,2025/02/13,,
,410,2025/02/16,,
,410,2025/02/17,,
,410,2025/02/18,,
,410,2025/02/19,,
,410,2025/02/20,,
,412,2025/01/20,,
,412,2025/01/21,,
,412,2025/01/22,,
,412,2025/01/23,,
,412,2025/01/26,,
,412,2025/01/27,,
,412,2025/01/28,,
,412,2025/01/29,,
,412,2025/01/30,,
,412,2025/02/02,,
,412,2025/02/03,,
,412,2025/02/04,,
,412,2025/02/05,,
,412,2025/02/06,,
,412,2025/02/09,,
,412,2025/02/10,,
,412,2025/02/11,,
,412,2025/02/12,,
,412,2025/02/13,,
,412,2025/02/16,,
,412,2025/02/17,,
,412,2025/02/18,,
,412,2025/02/19,,
,412,2025/02/20,,
,413,2025/01/20,,
,413,2025/01/21,,
,413,2025/01/22,,
,413,2025/01/23,,
,413,2025/01/26,,
,413,2025/01/27,,
,413,2025/01/28,,
,413,2025/01/29,,
,413,2025/01/30,,
,413,2025/02/02,,
,413,2025/02/03,,
,413,2025/02/04,,
,413,2025/02/05,,
,413,2025/02/06,,
,413,2025/02/09,,
,413,2025/02/10,,
,413,2025/02/11,,
,413,2025/02/12,,
,413,2025/02/13,,
,413,2025/02/16,,
,413,2025/02/17,,
,413,2025/02/18,,
,413,2025/02/19,,
,413,2025/02/20,,
,414,2025/01/20,,
,414,2025/01/21,,
,414,2025/01/22,,
,414,2025/01/23,,
,414,2025/01/26,,
,414,2025/01/27,,
,414,2025/01/28,,
,414,2025/01/29,,
,414,2025/01/30,,
,414,2025/02/02,,
,414,2025/02/03,,
,414,2025/02/04,,
,414,2025/02/05,,
,414,2025/02/06,,
,414,2025/02/09,,
,414,2025/02/10,,
,414,2025/02/11,,
,414,2025/02/12,,
,414,2025/02/13,,
,414,2025/02/16,,
,414,2025/02/17,,
,414,2025/02/18,,
,414,2025/02/19,,
,414,2025/02/20,,
,415,2025/01/20,08:39,16:44
,415,2025/01/21,07:51,16:32
,415,2025/01/22,07:39,16:31
,415,2025/01/23,07:52,16:30
,415,2025/01/26,07:56,16:34
,415,2025/01/27,08:05,16:41
,415,2025/01/28,08:12,16:47
,415,2025/01/29,07:44,17:21
,415,2025/01/30,07:56,16:35
,415,2025/02/02,07:46,16:32
,415,2025/02/03,08:09,16:45
,415,2025/02/04,07:52,16:37
,415,2025/02/05,07:58,16:35
,415,2025/02/06,07:52,16:47
,415,2025/02/09,08:08,
,415,2025/02/10,07:50,16:38
,415,2025/02/11,07:50,16:35
,415,2025/02/12,07:56,16:43
,415,2025/02/13,07:43,15:05
,415,2025/02/16,,
,415,2025/02/17,,
,415,2025/02/18,,
,415,2025/02/19,,
,415,2025/02/20,,
,416,2025/01/20,,
,416,2025/01/21,,
,416,2025/01/22,,
,416,2025/01/23,,
,416,2025/01/26,,
,416,2025/01/27,,
,416,2025/01/28,,
,416,2025/01/29,,
,416,2025/01/30,,
,416,2025/02/02,,
,416,2025/02/03,,
,416,2025/02/04,,
,416,2025/02/05,,
,416,2025/02/06,,
,416,2025/02/09,,
,416,2025/02/10,,
,416,2025/02/11,,
,416,2025/02/12,,
,416,2025/02/13,,
,416,2025/02/16,,
,416,2025/02/17,,
,416,2025/02/18,,
,416,2025/02/19,,
,416,2025/02/20,,
,421,2025/01/20,,
,421,2025/01/21,,
,421,2025/01/22,,
,421,2025/01/23,,
,421,2025/01/26,,
,421,2025/01/27,,
,421,2025/01/28,,
,421,2025/01/29,,
,421,2025/01/30,,
,421,2025/02/02,,
,421,2025/02/03,,
,421,2025/02/04,,
,421,2025/02/05,,
,421,2025/02/06,,
,421,2025/02/09,,
,421,2025/02/10,,
,421,2025/02/11,,
,421,2025/02/12,,
,421,2025/02/13,,
,421,2025/02/16,,
,421,2025/02/17,,
,421,2025/02/18,,
,421,2025/02/19,,
,421,2025/02/20,,
,422,2025/01/20,,
,422,2025/01/21,,
,422,2025/01/22,,
,422,2025/01/23,,
,422,2025/01/26,,
,422,2025/01/27,,
,422,2025/01/28,,
,422,2025/01/29,,
,422,2025/01/30,,
,422,2025/02/02,,
,422,2025/02/03,,
,422,2025/02/04,,
,422,2025/02/05,,
,422,2025/02/06,,
,422,2025/02/09,,
,422,2025/02/10,,
,422,2025/02/11,,
,422,2025/02/12,,
,422,2025/02/13,,
,422,2025/02/16,,
,422,2025/02/17,,
,422,2025/02/18,,
,422,2025/02/19,,
,422,2025/02/20,,
,423,2025/01/20,,
,423,2025/01/21,,
,423,2025/01/22,,
,423,2025/01/23,,
,423,2025/01/26,,
,423,2025/01/27,,
,423,2025/01/28,,
,423,2025/01/29,,
,423,2025/01/30,,
,423,2025/02/02,,
,423,2025/02/03,,
,423,2025/02/04,,
,423,2025/02/05,,
,423,2025/02/06,,
,423,2025/02/09,,
,423,2025/02/10,,
,423,2025/02/11,,
,423,2025/02/12,,
,423,2025/02/13,,
,423,2025/02/16,,
,423,2025/02/17,,
,423,2025/02/18,,
,423,2025/02/19,,
,423,2025/02/20,,
,424,2025/01/20,,
,424,2025/01/21,,
,424,2025/01/22,,
,424,2025/01/23,,
,424,2025/01/26,,
,424,2025/01/27,,
,424,2025/01/28,,
,424,2025/01/29,,
,424,2025/01/30,,
,424,2025/02/02,,
,424,2025/02/03,,
,424,2025/02/04,,
,424,2025/02/05,,
,424,2025/02/06,,
,424,2025/02/09,,
,424,2025/02/10,,
,424,2025/02/11,,
,424,2025/02/12,,
,424,2025/02/13,,
,424,2025/02/16,,
,424,2025/02/17,,
,424,2025/02/18,,
,424,2025/02/19,,
,424,2025/02/20,,
,427,2025/01/20,,
,427,2025/01/21,,
,427,2025/01/22,,
,427,2025/01/23,,
,427,2025/01/26,,
,427,2025/01/27,,
,427,2025/01/28,,
,427,2025/01/29,,
,427,2025/01/30,,
,427,2025/02/02,,
,427,2025/02/03,,
,427,2025/02/04,,
,427,2025/02/05,,
,427,2025/02/06,,
,427,2025/02/09,,
,427,2025/02/10,,
,427,2025/02/11,,
,427,2025/02/12,,
,427,2025/02/13,,
,427,2025/02/16,,
,427,2025/02/17,,
,427,2025/02/18,,
,427,2025/02/19,,
,427,2025/02/20,,
,428,2025/01/20,,
,428,2025/01/21,,
,428,2025/01/22,,
,428,2025/01/23,,
,428,2025/01/26,,
,428,2025/01/27,,
,428,2025/01/28,,
,428,2025/01/29,,
,428,2025/01/30,,
,428,2025/02/02,,
,428,2025/02/03,,
,428,2025/02/04,,
,428,2025/02/05,,
,428,2025/02/06,,
,428,2025/02/09,,
,428,2025/02/10,,
,428,2025/02/11,,
,428,2025/02/12,,
,428,2025/02/13,,
,428,2025/02/16,,
,428,2025/02/17,,
,428,2025/02/18,,
,428,2025/02/19,,
,428,2025/02/20,,
,429,2025/01/20,,
,429,2025/01/21,,
,429,2025/01/22,,
,429,2025/01/23,,
,429,2025/01/26,,
,429,2025/01/27,,
,429,2025/01/28,,
,429,2025/01/29,,
,429,2025/01/30,,
,429,2025/02/02,,
,429,2025/02/03,,
,429,2025/02/04,,
,429,2025/02/05,,
,429,2025/02/06,,
,429,2025/02/09,,
,429,2025/02/10,,
,429,2025/02/11,,
,429,2025/02/12,,
,429,2025/02/13,,
,429,2025/02/16,,
,429,2025/02/17,,
,429,2025/02/18,,
,429,2025/02/19,,
,429,2025/02/20,,
,433,2025/01/20,,
,433,2025/01/21,,
,433,2025/01/22,,
,433,2025/01/23,,
,433,2025/01/26,,
,433,2025/01/27,,
,433,2025/01/28,,
,433,2025/01/29,,
,433,2025/01/30,,
,433,2025/02/02,,
,433,2025/02/03,,
,433,2025/02/04,,
,433,2025/02/05,,
,433,2025/02/06,,
,433,2025/02/09,,
,433,2025/02/10,,
,433,2025/02/11,,
,433,2025/02/12,,
,433,2025/02/13,,
,433,2025/02/16,,
,433,2025/02/17,,
,433,2025/02/18,,
,433,2025/02/19,,
,433,2025/02/20,,
,434,2025/01/20,,
,434,2025/01/21,,
,434,2025/01/22,,
,434,2025/01/23,,
,434,2025/01/26,,
,434,2025/01/27,,
,434,2025/01/28,,
,434,2025/01/29,,
,434,2025/01/30,,
,434,2025/02/02,,
,434,2025/02/03,,
,434,2025/02/04,,
,434,2025/02/05,,
,434,2025/02/06,,
,434,2025/02/09,,
,434,2025/02/10,,
,434,2025/02/11,,
,434,2025/02/12,,
,434,2025/02/13,,
,434,2025/02/16,,
,434,2025/02/17,,
,434,2025/02/18,,
,434,2025/02/19,,
,434,2025/02/20,,
,435,2025/01/20,,
,435,2025/01/21,,
,435,2025/01/22,,
,435,2025/01/23,,
,435,2025/01/26,,
,435,2025/01/27,,
,435,2025/01/28,,
,435,2025/01/29,,
,435,2025/01/30,,
,435,2025/02/02,,
,435,2025/02/03,,
,435,2025/02/04,,
,435,2025/02/05,,
,435,2025/02/06,,
,435,2025/02/09,,
,435,2025/02/10,,
,435,2025/02/11,,
,435,2025/02/12,,
,435,2025/02/13,,
,435,2025/02/16,,
,435,2025/02/17,,
,435,2025/02/18,,
,435,2025/02/19,,
,435,2025/02/20,,
,437,2025/01/20,,
,437,2025/01/21,,
,437,2025/01/22,,
,437,2025/01/23,,
,437,2025/01/26,,
,437,2025/01/27,,
,437,2025/01/28,,
,437,2025/01/29,,
,437,2025/01/30,,
,437,2025/02/02,,
,437,2025/02/03,,
,437,2025/02/04,,
,437,2025/02/05,,
,437,2025/02/06,,
,437,2025/02/09,,
,437,2025/02/10,,
,437,2025/02/11,,
,437,2025/02/12,,
,437,2025/02/13,,
,437,2025/02/16,,
,437,2025/02/17,,
,437,2025/02/18,,
,437,2025/02/19,,
,437,2025/02/20,,
,439,2025/01/20,,
,439,2025/01/21,,
,439,2025/01/22,,
,439,2025/01/23,,
,439,2025/01/26,,
,439,2025/01/27,,
,439,2025/01/28,,
,439,2025/01/29,,
,439,2025/01/30,,
,439,2025/02/02,,
,439,2025/02/03,,
,439,2025/02/04,,
,439,2025/02/05,,
,439,2025/02/06,,
,439,2025/02/09,,
,439,2025/02/10,,
,439,2025/02/11,,
,439,2025/02/12,,
,439,2025/02/13,,
,439,2025/02/16,,
,439,2025/02/17,,
,439,2025/02/18,,
,439,2025/02/19,,
,439,2025/02/20,,15:34
,440,2025/01/20,,
,440,2025/01/21,,
,440,2025/01/22,,
,440,2025/01/23,,
,440,2025/01/26,,
,440,2025/01/27,,
,440,2025/01/28,,
,440,2025/01/29,,
,440,2025/01/30,,
,440,2025/02/02,,
,440,2025/02/03,,
,440,2025/02/04,,
,440,2025/02/05,,
,440,2025/02/06,,
,440,2025/02/09,,
,440,2025/02/10,,
,440,2025/02/11,,
,440,2025/02/12,,
,440,2025/02/13,,
,440,2025/02/16,,
,440,2025/02/17,,
,440,2025/02/18,,
,440,2025/02/19,,
,440,2025/02/20,,
,441,2025/01/20,,
,441,2025/01/21,,
,441,2025/01/22,,
,441,2025/01/23,,
,441,2025/01/26,,
,441,2025/01/27,,
,441,2025/01/28,,
,441,2025/01/29,,
,441,2025/01/30,,
,441,2025/02/02,,
,441,2025/02/03,,
,441,2025/02/04,,
,441,2025/02/05,,
,441,2025/02/06,,
,441,2025/02/09,,
,441,2025/02/10,,
,441,2025/02/11,,
,441,2025/02/12,09:06,
,441,2025/02/13,07:46,
,441,2025/02/16,,
,441,2025/02/17,,
,441,2025/02/18,,
,441,2025/02/19,,
,441,2025/02/20,,
,442,2025/01/20,,
,442,2025/01/21,,
,442,2025/01/22,,
,442,2025/01/23,,
,442,2025/01/26,,
,442,2025/01/27,,
,442,2025/01/28,,
,442,2025/01/29,,
,442,2025/01/30,,
,442,2025/02/02,,
,442,2025/02/03,,
,442,2025/02/04,,
,442,2025/02/05,,
,442,2025/02/06,,
,442,2025/02/09,,
,442,2025/02/10,,
,442,2025/02/11,,
,442,2025/02/12,,
,442,2025/02/13,,
,442,2025/02/16,,
,442,2025/02/17,,
,442,2025/02/18,,
,442,2025/02/19,,
,442,2025/02/20,,
,443,2025/01/20,,
,443,2025/01/21,,
,443,2025/01/22,,
,443,2025/01/23,,
,443,2025/01/26,,
,443,2025/01/27,,
,443,2025/01/28,,
,443,2025/01/29,,
,443,2025/01/30,,
,443,2025/02/02,,
,443,2025/02/03,,
,443,2025/02/04,,
,443,2025/02/05,,
,443,2025/02/06,,
,443,2025/02/09,,
,443,2025/02/10,,
,443,2025/02/11,,
,443,2025/02/12,,
,443,2025/02/13,,
,443,2025/02/16,,
,443,2025/02/17,,
,443,2025/02/18,,
,443,2025/02/19,,
,443,2025/02/20,,
,445,2025/01/20,,
,445,2025/01/21,,
,445,2025/01/22,,
,445,2025/01/23,,
,445,2025/01/26,,
,445,2025/01/27,,
,445,2025/01/28,,
,445,2025/01/29,,
,445,2025/01/30,,
,445,2025/02/02,,
,445,2025/02/03,,
,445,2025/02/04,,
,445,2025/02/05,,
,445,2025/02/06,,
,445,2025/02/09,08:45,16:31
,445,2025/02/10,09:23,14:11
,445,2025/02/11,09:26,16:29
,445,2025/02/12,,16:04
,445,2025/02/13,09:45,
,445,2025/02/16,,
,445,2025/02/17,,
,445,2025/02/18,,
,445,2025/02/19,,
,445,2025/02/20,,
,447,2025/01/20,,
,447,2025/01/21,07:33,16:29
,447,2025/01/22,07:41,16:33
,447,2025/01/23,08:21,14:36
,447,2025/01/26,,
,447,2025/01/27,,
,447,2025/01/28,,
,447,2025/01/29,,
,447,2025/01/30,,
,447,2025/02/02,,
,447,2025/02/03,,
,447,2025/02/04,,
,447,2025/02/05,,
,447,2025/02/06,,
,447,2025/02/09,,
,447,2025/02/10,,
,447,2025/02/11,,
,447,2025/02/12,,
,447,2025/02/13,,
,447,2025/02/16,,
,447,2025/02/17,,
,447,2025/02/18,,
,447,2025/02/19,,
,447,2025/02/20,,
,448,2025/01/20,,
,448,2025/01/21,,
,448,2025/01/22,,
,448,2025/01/23,,
,448,2025/01/26,,
,448,2025/01/27,,
,448,2025/01/28,,
,448,2025/01/29,,
,448,2025/01/30,,
,448,2025/02/02,,
,448,2025/02/03,,
,448,2025/02/04,,
,448,2025/02/05,,
,448,2025/02/06,,
,448,2025/02/09,,
,448,2025/02/10,,
,448,2025/02/11,,
,448,2025/02/12,,
,448,2025/02/13,,
,448,2025/02/16,,
,448,2025/02/17,,
,448,2025/02/18,,
,448,2025/02/19,,
,448,2025/02/20,,
,449,2025/01/20,10:02,
,449,2025/01/21,10:11,14:15
,449,2025/01/22,,15:54
,449,2025/01/23,,
,449,2025/01/26,,16:04
,449,2025/01/27,,16:11
,449,2025/01/28,,16:20
,449,2025/01/29,,15:51
,449,2025/01/30,,
,449,2025/02/02,,
,449,2025/02/03,,
,449,2025/02/04,,
,449,2025/02/05,,
,449,2025/02/06,,
,449,2025/02/09,,16:01
,449,2025/02/10,,16:18
,449,2025/02/11,,16:05
,449,2025/02/12,,
,449,2025/02/13,,
,449,2025/02/16,,16:02
,449,2025/02/17,,13:43
,449,2025/02/18,,
,449,2025/02/19,,
,449,2025/02/20,,
,451,2025/01/20,07:50,16:29
,451,2025/01/21,07:42,16:28
,451,2025/01/22,07:39,
,451,2025/01/23,,
,451,2025/01/26,07:34,16:28
,451,2025/01/27,09:41,16:27
,451,2025/01/28,07:36,16:26
,451,2025/01/29,07:32,16:24
,451,2025/01/30,07:31,16:36
,451,2025/02/02,07:34,16:26
,451,2025/02/03,07:36,16:18
,451,2025/02/04,,
,451,2025/02/05,,
,451,2025/02/06,,
,451,2025/02/09,,
,451,2025/02/10,,
,451,2025/02/11,,
,451,2025/02/12,,
,451,2025/02/13,,
,451,2025/02/16,07:53,16:27
,451,2025/02/17,07:33,17:00
,451,2025/02/18,08:37,16:34
,451,2025/02/19,07:53,16:28
,451,2025/02/20,07:52,16:21
,453,2025/01/20,07:28,16:29
,453,2025/01/21,07:25,16:28
,453,2025/01/22,07:25,16:29
,453,2025/01/23,07:23,16:28
,453,2025/01/26,07:29,16:27
,453,2025/01/27,07:26,16:27
,453,2025/01/28,07:24,16:28
,453,2025/01/29,07:25,16:30
,453,2025/01/30,07:15,16:28
,453,2025/02/02,07:18,16:27
,453,2025/02/03,07:10,16:28
,453,2025/02/04,07:24,16:29
,453,2025/02/05,07:11,16:29
,453,2025/02/06,07:24,16:28
,453,2025/02/09,,16:29
,453,2025/02/10,07:22,16:28
,453,2025/02/11,07:28,16:29
,453,2025/02/12,07:28,16:29
,453,2025/02/13,07:28,16:30
,453,2025/02/16,07:36,16:27
,453,2025/02/17,07:32,16:27
,453,2025/02/18,07:23,16:28
,453,2025/02/19,07:28,16:29
,453,2025/02/20,07:26,17:26
,456,2025/01/20,,
,456,2025/01/21,,
,456,2025/01/22,,
,456,2025/01/23,,
,456,2025/01/26,,
,456,2025/01/27,,
,456,2025/01/28,,
,456,2025/01/29,,
,456,2025/01/30,,
,456,2025/02/02,,
,456,2025/02/03,,
,456,2025/02/04,,
,456,2025/02/05,,
,456,2025/02/06,,
,456,2025/02/09,,
,456,2025/02/10,,
,456,2025/02/11,,
,456,2025/02/12,,
,456,2025/02/13,,
,456,2025/02/16,,
,456,2025/02/17,,
,456,2025/02/18,,
,456,2025/02/19,,
,456,2025/02/20,,
,458,2025/01/20,,
,458,2025/01/21,,
,458,2025/01/22,,
,458,2025/01/23,,
,458,2025/01/26,,
,458,2025/01/27,,
,458,2025/01/28,,
,458,2025/01/29,,
,458,2025/01/30,,
,458,2025/02/02,,
,458,2025/02/03,,
,458,2025/02/04,,
,458,2025/02/05,,
,458,2025/02/06,,
,458,2025/02/09,,
,458,2025/02/10,,
,458,2025/02/11,,
,458,2025/02/12,,
,458,2025/02/13,,
,458,2025/02/16,,
,458,2025/02/17,,
,458,2025/02/18,,
,458,2025/02/19,,
,458,2025/02/20,,
,459,2025/01/20,,
,459,2025/01/21,,
,459,2025/01/22,,
,459,2025/01/23,,
,459,2025/01/26,,
,459,2025/01/27,,
,459,2025/01/28,,
,459,2025/01/29,,
,459,2025/01/30,,
,459,2025/02/02,,
,459,2025/02/03,,
,459,2025/02/04,,
,459,2025/02/05,,
,459,2025/02/06,,
,459,2025/02/09,,
,459,2025/02/10,,
,459,2025/02/11,,
,459,2025/02/12,,
,459,2025/02/13,,
,459,2025/02/16,,
,459,2025/02/17,,
,459,2025/02/18,,
,459,2025/02/19,,
,459,2025/02/20,,
,460,2025/01/20,,
,460,2025/01/21,,
,460,2025/01/22,,
,460,2025/01/23,,
,460,2025/01/26,,
,460,2025/01/27,,
,460,2025/01/28,,
,460,2025/01/29,,
,460,2025/01/30,,
,460,2025/02/02,,
,460,2025/02/03,,
,460,2025/02/04,,
,460,2025/02/05,,
,460,2025/02/06,,
,460,2025/02/09,,
,460,2025/02/10,,
,460,2025/02/11,,
,460,2025/02/12,,
,460,2025/02/13,,
,460,2025/02/16,,
,460,2025/02/17,,
,460,2025/02/18,,
,460,2025/02/19,,
,460,2025/02/20,,
,461,2025/01/20,,
,461,2025/01/21,,
,461,2025/01/22,,
,461,2025/01/23,,
,461,2025/01/26,,
,461,2025/01/27,,
,461,2025/01/28,,
,461,2025/01/29,,
,461,2025/01/30,,
,461,2025/02/02,,
,461,2025/02/03,,
,461,2025/02/04,,
,461,2025/02/05,,
,461,2025/02/06,,
,461,2025/02/09,,
,461,2025/02/10,,
,461,2025/02/11,,
,461,2025/02/12,,
,461,2025/02/13,,
,461,2025/02/16,,
,461,2025/02/17,,
,461,2025/02/18,,
,461,2025/02/19,,
,461,2025/02/20,,
,462,2025/01/20,,
,462,2025/01/21,,
,462,2025/01/22,,
,462,2025/01/23,,
,462,2025/01/26,,
,462,2025/01/27,,
,462,2025/01/28,,
,462,2025/01/29,,
,462,2025/01/30,,
,462,2025/02/02,,
,462,2025/02/03,,
,462,2025/02/04,,
,462,2025/02/05,,
,462,2025/02/06,,
,462,2025/02/09,,
,462,2025/02/10,,
,462,2025/02/11,,
,462,2025/02/12,,
,462,2025/02/13,,
,462,2025/02/16,,
,462,2025/02/17,,
,462,2025/02/18,,
,462,2025/02/19,,
,462,2025/02/20,,
,463,2025/01/20,,
,463,2025/01/21,,
,463,2025/01/22,,
,463,2025/01/23,,
,463,2025/01/26,,
,463,2025/01/27,,
,463,2025/01/28,,
,463,2025/01/29,,
,463,2025/01/30,,
,463,2025/02/02,,
,463,2025/02/03,,
,463,2025/02/04,,
,463,2025/02/05,,
,463,2025/02/06,,
,463,2025/02/09,,
,463,2025/02/10,,
,463,2025/02/11,,
,463,2025/02/12,,
,463,2025/02/13,,
,463,2025/02/16,,
,463,2025/02/17,,
,463,2025/02/18,,
,463,2025/02/19,,
,463,2025/02/20,,
,464,2025/01/20,,
,464,2025/01/21,,
,464,2025/01/22,,
,464,2025/01/23,,
,464,2025/01/26,,
,464,2025/01/27,,
,464,2025/01/28,,
,464,2025/01/29,,
,464,2025/01/30,,
,464,2025/02/02,,
,464,2025/02/03,,
,464,2025/02/04,,
,464,2025/02/05,,
,464,2025/02/06,,
,464,2025/02/09,,
,464,2025/02/10,,
,464,2025/02/11,,
,464,2025/02/12,,
,464,2025/02/13,,
,464,2025/02/16,,
,464,2025/02/17,,
,464,2025/02/18,,
,464,2025/02/19,,
,464,2025/02/20,,
,465,2025/01/20,,
,465,2025/01/21,,
,465,2025/01/22,,
,465,2025/01/23,,
,465,2025/01/26,,
,465,2025/01/27,,
,465,2025/01/28,,
,465,2025/01/29,,
,465,2025/01/30,,
,465,2025/02/02,,
,465,2025/02/03,,
,465,2025/02/04,,
,465,2025/02/05,,
,465,2025/02/06,,
,465,2025/02/09,,
,465,2025/02/10,,
,465,2025/02/11,,
,465,2025/02/12,,
,465,2025/02/13,,
,465,2025/02/16,,
,465,2025/02/17,,
,465,2025/02/18,,
,465,2025/02/19,,
,465,2025/02/20,,
,466,2025/01/20,,
,466,2025/01/21,,
,466,2025/01/22,,
,466,2025/01/23,,
,466,2025/01/26,,
,466,2025/01/27,,
,466,2025/01/28,,
,466,2025/01/29,,
,466,2025/01/30,,
,466,2025/02/02,,
,466,2025/02/03,,
,466,2025/02/04,,
,466,2025/02/05,,
,466,2025/02/06,,
,466,2025/02/09,,
,466,2025/02/10,,
,466,2025/02/11,,
,466,2025/02/12,,
,466,2025/02/13,,
,466,2025/02/16,,
,466,2025/02/17,,
,466,2025/02/18,,
,466,2025/02/19,,
,466,2025/02/20,,
,467,2025/01/20,,
,467,2025/01/21,,
,467,2025/01/22,,
,467,2025/01/23,,
,467,2025/01/26,,
,467,2025/01/27,,
,467,2025/01/28,,
,467,2025/01/29,,
,467,2025/01/30,,
,467,2025/02/02,,
,467,2025/02/03,,
,467,2025/02/04,,
,467,2025/02/05,,
,467,2025/02/06,,
,467,2025/02/09,,
,467,2025/02/10,,
,467,2025/02/11,,
,467,2025/02/12,,
,467,2025/02/13,,
,467,2025/02/16,,
,467,2025/02/17,,
,467,2025/02/18,,
,467,2025/02/19,,
,467,2025/02/20,,
,468,2025/01/20,,
,468,2025/01/21,,
,468,2025/01/22,,
,468,2025/01/23,,
,468,2025/01/26,,
,468,2025/01/27,,
,468,2025/01/28,,
,468,2025/01/29,,
,468,2025/01/30,,
,468,2025/02/02,,
,468,2025/02/03,,
,468,2025/02/04,,
,468,2025/02/05,,
,468,2025/02/06,,
,468,2025/02/09,,
,468,2025/02/10,,
,468,2025/02/11,,
,468,2025/02/12,,
,468,2025/02/13,,
,468,2025/02/16,,
,468,2025/02/17,,
,468,2025/02/18,,
,468,2025/02/19,,
,468,2025/02/20,,
,469,2025/01/20,,
,469,2025/01/21,,
,469,2025/01/22,,
,469,2025/01/23,,
,469,2025/01/26,,
,469,2025/01/27,,
,469,2025/01/28,,
,469,2025/01/29,,
,469,2025/01/30,,
,469,2025/02/02,,
,469,2025/02/03,,
,469,2025/02/04,,
,469,2025/02/05,,
,469,2025/02/06,,
,469,2025/02/09,,
,469,2025/02/10,,
,469,2025/02/11,,
,469,2025/02/12,,
,469,2025/02/13,,
,469,2025/02/16,,
,469,2025/02/17,,
,469,2025/02/18,,
,469,2025/02/19,,
,469,2025/02/20,,
,470,2025/01/20,,
,470,2025/01/21,,
,470,2025/01/22,,
,470,2025/01/23,,
,470,2025/01/26,,
,470,2025/01/27,,
,470,2025/01/28,,
,470,2025/01/29,,
,470,2025/01/30,,
,470,2025/02/02,,
,470,2025/02/03,,
,470,2025/02/04,,
,470,2025/02/05,,
,470,2025/02/06,,
,470,2025/02/09,,
,470,2025/02/10,,
,470,2025/02/11,,
,470,2025/02/12,,
,470,2025/02/13,,
,470,2025/02/16,,
,470,2025/02/17,,
,470,2025/02/18,,
,470,2025/02/19,,
,470,2025/02/20,,
,471,2025/01/20,,
,471,2025/01/21,,
,471,2025/01/22,,
,471,2025/01/23,,
,471,2025/01/26,,
,471,2025/01/27,,
,471,2025/01/28,,
,471,2025/01/29,,
,471,2025/01/30,,
,471,2025/02/02,,
,471,2025/02/03,,
,471,2025/02/04,,
,471,2025/02/05,,
,471,2025/02/06,,
,471,2025/02/09,,
,471,2025/02/10,,
,471,2025/02/11,,
,471,2025/02/12,,
,471,2025/02/13,,
,471,2025/02/16,,
,471,2025/02/17,,
,471,2025/02/18,,
,471,2025/02/19,,
,471,2025/02/20,,
,472,2025/01/20,,
,472,2025/01/21,,
,472,2025/01/22,,
,472,2025/01/23,,
,472,2025/01/26,,
,472,2025/01/27,,
,472,2025/01/28,,
,472,2025/01/29,,
,472,2025/01/30,,
,472,2025/02/02,,
,472,2025/02/03,,
,472,2025/02/04,,
,472,2025/02/05,,
,472,2025/02/06,,
,472,2025/02/09,,
,472,2025/02/10,,
,472,2025/02/11,,
,472,2025/02/12,,
,472,2025/02/13,,
,472,2025/02/16,,
,472,2025/02/17,,
,472,2025/02/18,,
,472,2025/02/19,,
,472,2025/02/20,,
,473,2025/01/20,,
,473,2025/01/21,,
,473,2025/01/22,,
,473,2025/01/23,,
,473,2025/01/26,,
,473,2025/01/27,,
,473,2025/01/28,,
,473,2025/01/29,,
,473,2025/01/30,,
,473,2025/02/02,,
,473,2025/02/03,,
,473,2025/02/04,,
,473,2025/02/05,,
,473,2025/02/06,,
,473,2025/02/09,,
,473,2025/02/10,,
,473,2025/02/11,,
,473,2025/02/12,,
,473,2025/02/13,,
,473,2025/02/16,,
,473,2025/02/17,,
,473,2025/02/18,,
,473,2025/02/19,,
,473,2025/02/20,,
,474,2025/01/20,,
,474,2025/01/21,,
,474,2025/01/22,,
,474,2025/01/23,,
,474,2025/01/26,,
,474,2025/01/27,,
,474,2025/01/28,,
,474,2025/01/29,,
,474,2025/01/30,,
,474,2025/02/02,,
,474,2025/02/03,,
,474,2025/02/04,,
,474,2025/02/05,,
,474,2025/02/06,,
,474,2025/02/09,,
,474,2025/02/10,,
,474,2025/02/11,,
,474,2025/02/12,,
,474,2025/02/13,,
,474,2025/02/16,,
,474,2025/02/17,,
,474,2025/02/18,,
,474,2025/02/19,,
,474,2025/02/20,,
,475,2025/01/20,,
,475,2025/01/21,,
,475,2025/01/22,,
,475,2025/01/23,,
,475,2025/01/26,,
,475,2025/01/27,,
,475,2025/01/28,,
,475,2025/01/29,,
,475,2025/01/30,,
,475,2025/02/02,,
,475,2025/02/03,,
,475,2025/02/04,,
,475,2025/02/05,,
,475,2025/02/06,,
,475,2025/02/09,,
,475,2025/02/10,,
,475,2025/02/11,,
,475,2025/02/12,,
,475,2025/02/13,,
,475,2025/02/16,,
,475,2025/02/17,,
,475,2025/02/18,,
,475,2025/02/19,,
,475,2025/02/20,,
,476,2025/01/20,,
,476,2025/01/21,,
,476,2025/01/22,,
,476,2025/01/23,,
,476,2025/01/26,,
,476,2025/01/27,,
,476,2025/01/28,,
,476,2025/01/29,,
,476,2025/01/30,,
,476,2025/02/02,,
,476,2025/02/03,,
,476,2025/02/04,,
,476,2025/02/05,,
,476,2025/02/06,,
,476,2025/02/09,,
,476,2025/02/10,,
,476,2025/02/11,,
,476,2025/02/12,,
,476,2025/02/13,,
,476,2025/02/16,,
,476,2025/02/17,,
,476,2025/02/18,,
,476,2025/02/19,,
,476,2025/02/20,,
,477,2025/01/20,,
,477,2025/01/21,,
,477,2025/01/22,,
,477,2025/01/23,,
,477,2025/01/26,,
,477,2025/01/27,,
,477,2025/01/28,,
,477,2025/01/29,,
,477,2025/01/30,,
,477,2025/02/02,,
,477,2025/02/03,,
,477,2025/02/04,,
,477,2025/02/05,,
,477,2025/02/06,,
,477,2025/02/09,,
,477,2025/02/10,,
,477,2025/02/11,,
,477,2025/02/12,,
,477,2025/02/13,,
,477,2025/02/16,,
,477,2025/02/17,,
,477,2025/02/18,,
,477,2025/02/19,,
,477,2025/02/20,,
,478,2025/01/20,,
,478,2025/01/21,,
,478,2025/01/22,,
,478,2025/01/23,,
,478,2025/01/26,,
,478,2025/01/27,,
,478,2025/01/28,,
,478,2025/01/29,,
,478,2025/01/30,,
,478,2025/02/02,,
,478,2025/02/03,,
,478,2025/02/04,,
,478,2025/02/05,,
,478,2025/02/06,,
,478,2025/02/09,,
,478,2025/02/10,,
,478,2025/02/11,,
,478,2025/02/12,,
,478,2025/02/13,,
,478,2025/02/16,,
,478,2025/02/17,,
,478,2025/02/18,,
,478,2025/02/19,,
,478,2025/02/20,,
,479,2025/01/20,,
,479,2025/01/21,,
,479,2025/01/22,,
,479,2025/01/23,,
,479,2025/01/26,,
,479,2025/01/27,,
,479,2025/01/28,,
,479,2025/01/29,,
,479,2025/01/30,,
,479,2025/02/02,,
,479,2025/02/03,,
,479,2025/02/04,,
,479,2025/02/05,,
,479,2025/02/06,,
,479,2025/02/09,,
,479,2025/02/10,,
,479,2025/02/11,,
,479,2025/02/12,,
,479,2025/02/13,,
,479,2025/02/16,,
,479,2025/02/17,,
,479,2025/02/18,,
,479,2025/02/19,,
,479,2025/02/20,,
,480,2025/01/20,07:46,16:31
,480,2025/01/21,07:39,16:31
,480,2025/01/22,07:36,16:33
,480,2025/01/23,07:30,16:31
,480,2025/01/26,07:42,16:31
,480,2025/01/27,07:50,16:29
,480,2025/01/28,07:36,16:29
,480,2025/01/29,07:38,16:35
,480,2025/01/30,07:38,16:49
,480,2025/02/02,07:35,16:32
,480,2025/02/03,07:35,16:30
,480,2025/02/04,07:37,16:34
,480,2025/02/05,07:33,16:36
,480,2025/02/06,07:42,16:32
,480,2025/02/09,07:26,
,480,2025/02/10,07:36,16:32
,480,2025/02/11,07:32,16:33
,480,2025/02/12,07:30,16:32
,480,2025/02/13,07:33,
,480,2025/02/16,08:05,16:31
,480,2025/02/17,07:36,16:33
,480,2025/02/18,07:39,16:32
,480,2025/02/19,07:37,16:32
,480,2025/02/20,07:32,
,481,2025/01/20,09:08,17:12
,481,2025/01/21,08:56,16:33
,481,2025/01/22,08:23,16:49
,481,2025/01/23,07:40,16:38
,481,2025/01/26,08:25,16:41
,481,2025/01/27,,
,481,2025/01/28,09:14,17:00
,481,2025/01/29,,18:05
,481,2025/01/30,09:22,17:19
,481,2025/02/02,08:40,16:49
,481,2025/02/03,09:16,16:46
,481,2025/02/04,10:04,16:32
,481,2025/02/05,,16:41
,481,2025/02/06,08:45,16:49
,481,2025/02/09,08:02,16:53
,481,2025/02/10,09:51,16:37
,481,2025/02/11,09:23,16:46
,481,2025/02/12,09:35,16:29
,481,2025/02/13,08:51,16:27
,481,2025/02/16,09:53,16:53
,481,2025/02/17,08:37,
,481,2025/02/18,10:16,16:34
,481,2025/02/19,,16:35
,481,2025/02/20,09:20,16:39
,482,2025/01/20,07:49,15:26
,482,2025/01/21,08:00,16:23
,482,2025/01/22,08:12,16:33
,482,2025/01/23,07:43,16:48
,482,2025/01/26,07:47,16:36
,482,2025/01/27,07:28,
,482,2025/01/28,07:50,
,482,2025/01/29,07:40,
,482,2025/01/30,,
,482,2025/02/02,06:53,
,482,2025/02/03,07:48,
,482,2025/02/04,07:27,
,482,2025/02/05,,16:10
,482,2025/02/06,07:56,16:31
,482,2025/02/09,07:44,
,482,2025/02/10,09:14,
,482,2025/02/11,,
,482,2025/02/12,08:01,
,482,2025/02/13,07:51,
,482,2025/02/16,07:55,16:25
,482,2025/02/17,07:42,16:49
,482,2025/02/18,07:39,
,482,2025/02/19,07:42,16:35
,482,2025/02/20,07:24,
,483,2025/01/20,07:51,17:11
,483,2025/01/21,,16:31
,483,2025/01/22,08:45,16:48
,483,2025/01/23,08:29,16:39
,483,2025/01/26,,16:30
,483,2025/01/27,,
,483,2025/01/28,09:40,16:49
,483,2025/01/29,,
,483,2025/01/30,08:22,17:19
,483,2025/02/02,08:08,16:43
,483,2025/02/03,08:43,16:46
,483,2025/02/04,07:45,16:55
,483,2025/02/05,07:45,16:42
,483,2025/02/06,09:16,16:46
,483,2025/02/09,08:17,17:05
,483,2025/02/10,07:45,16:37
,483,2025/02/11,09:43,16:46
,483,2025/02/12,07:47,16:33
,483,2025/02/13,08:24,16:31
,483,2025/02/16,09:33,16:52
,483,2025/02/17,07:45,
,483,2025/02/18,09:06,16:44
,483,2025/02/19,08:02,16:40
,483,2025/02/20,08:31,16:40
,485,2025/01/20,,
,485,2025/01/21,,
,485,2025/01/22,,
,485,2025/01/23,,
,485,2025/01/26,,
,485,2025/01/27,,
,485,2025/01/28,,
,485,2025/01/29,,
,485,2025/01/30,,
,485,2025/02/02,,
,485,2025/02/03,,
,485,2025/02/04,,
,485,2025/02/05,09:55,
,485,2025/02/06,,
,485,2025/02/09,,
,485,2025/02/10,,
,485,2025/02/11,,
,485,2025/02/12,,
,485,2025/02/13,,
,485,2025/02/16,,
,485,2025/02/17,,
,485,2025/02/18,,
,485,2025/02/19,,
,485,2025/02/20,,
,486,2025/01/20,07:35,16:31
,486,2025/01/21,07:30,16:29
,486,2025/01/22,07:34,16:34
,486,2025/01/23,07:30,16:31
,486,2025/01/26,07:34,16:42
,486,2025/01/27,08:06,16:38
,486,2025/01/28,07:36,16:40
,486,2025/01/29,07:37,16:28
,486,2025/01/30,07:29,16:42
,486,2025/02/02,07:34,16:33
,486,2025/02/03,07:35,16:17
,486,2025/02/04,07:33,16:27
,486,2025/02/05,07:37,16:28
,486,2025/02/06,07:27,16:27
,486,2025/02/09,07:31,16:28
,486,2025/02/10,07:29,16:05
,486,2025/02/11,07:35,16:28
,486,2025/02/12,07:27,16:33
,486,2025/02/13,07:27,16:36
,486,2025/02/16,07:51,16:30
,486,2025/02/17,07:33,17:41
,486,2025/02/18,07:28,16:46
,486,2025/02/19,07:28,16:31
,486,2025/02/20,07:27,15:29
,488,2025/01/20,,16:32
,488,2025/01/21,08:01,16:38
,488,2025/01/22,08:04,16:39
,488,2025/01/23,08:37,16:43
,488,2025/01/26,08:15,16:55
,488,2025/01/27,07:55,16:44
,488,2025/01/28,08:14,16:42
,488,2025/01/29,07:54,16:45
,488,2025/01/30,07:47,16:25
,488,2025/02/02,09:38,16:53
,488,2025/02/03,08:07,17:11
,488,2025/02/04,08:03,16:33
,488,2025/02/05,07:56,16:33
,488,2025/02/06,07:57,16:27
,488,2025/02/09,08:21,16:36
,488,2025/02/10,08:44,16:51
,488,2025/02/11,08:12,16:32
,488,2025/02/12,07:57,16:50
,488,2025/02/13,08:05,16:43
,488,2025/02/16,07:57,16:38
,488,2025/02/17,07:55,16:35
,488,2025/02/18,07:50,16:40
,488,2025/02/19,08:18,14:32
,488,2025/02/20,07:54,16:35
,489,2025/01/20,,
,489,2025/01/21,,
,489,2025/01/22,,
,489,2025/01/23,,
,489,2025/01/26,,
,489,2025/01/27,,
,489,2025/01/28,,
,489,2025/01/29,,
,489,2025/01/30,,
,489,2025/02/02,,
,489,2025/02/03,,
,489,2025/02/04,,
,489,2025/02/05,,
,489,2025/02/06,,
,489,2025/02/09,,
,489,2025/02/10,,
,489,2025/02/11,,
,489,2025/02/12,,
,489,2025/02/13,,
,489,2025/02/16,,
,489,2025/02/17,,
,489,2025/02/18,,
,489,2025/02/19,,
,489,2025/02/20,,
,490,2025/01/20,,
,490,2025/01/21,,
,490,2025/01/22,,
,490,2025/01/23,,
,490,2025/01/26,,
,490,2025/01/27,,
,490,2025/01/28,,
,490,2025/01/29,,
,490,2025/01/30,,
,490,2025/02/02,,
,490,2025/02/03,,
,490,2025/02/04,,
,490,2025/02/05,,
,490,2025/02/06,,
,490,2025/02/09,,
,490,2025/02/10,,
,490,2025/02/11,,
,490,2025/02/12,,
,490,2025/02/13,,
,490,2025/02/16,,
,490,2025/02/17,,
,490,2025/02/18,,
,490,2025/02/19,,
,490,2025/02/20,,
,491,2025/01/20,,
,491,2025/01/21,,
,491,2025/01/22,,
,491,2025/01/23,,
,491,2025/01/26,,
,491,2025/01/27,,
,491,2025/01/28,,
,491,2025/01/29,,
,491,2025/01/30,,
,491,2025/02/02,,
,491,2025/02/03,,
,491,2025/02/04,,
,491,2025/02/05,,
,491,2025/02/06,,
,491,2025/02/09,,
,491,2025/02/10,,
,491,2025/02/11,,
,491,2025/02/12,,
,491,2025/02/13,,
,491,2025/02/16,,
,491,2025/02/17,,
,491,2025/02/18,,
,491,2025/02/19,,
,491,2025/02/20,,
,492,2025/01/20,,
,492,2025/01/21,,
,492,2025/01/22,,
,492,2025/01/23,,
,492,2025/01/26,,
,492,2025/01/27,,
,492,2025/01/28,,
,492,2025/01/29,,
,492,2025/01/30,,
,492,2025/02/02,,
,492,2025/02/03,,
,492,2025/02/04,,
,492,2025/02/05,,
,492,2025/02/06,,
,492,2025/02/09,,
,492,2025/02/10,,
,492,2025/02/11,,
,492,2025/02/12,,
,492,2025/02/13,,
,492,2025/02/16,,
,492,2025/02/17,,
,492,2025/02/18,,
,492,2025/02/19,,
,492,2025/02/20,,
,493,2025/01/20,,
,493,2025/01/21,,
,493,2025/01/22,,
,493,2025/01/23,,
,493,2025/01/26,,
,493,2025/01/27,,
,493,2025/01/28,,
,493,2025/01/29,,
,493,2025/01/30,,
,493,2025/02/02,,
,493,2025/02/03,,
,493,2025/02/04,,
,493,2025/02/05,,
,493,2025/02/06,,
,493,2025/02/09,,
,493,2025/02/10,,
,493,2025/02/11,,
,493,2025/02/12,,
,493,2025/02/13,,
,493,2025/02/16,,
,493,2025/02/17,,
,493,2025/02/18,,
,493,2025/02/19,,
,493,2025/02/20,,
,495,2025/01/20,07:46,16:32
,495,2025/01/21,07:40,16:31
,495,2025/01/22,07:36,16:33
,495,2025/01/23,07:30,16:30
,495,2025/01/26,07:43,16:31
,495,2025/01/27,07:50,16:29
,495,2025/01/28,07:36,16:29
,495,2025/01/29,07:38,16:35
,495,2025/01/30,07:39,16:49
,495,2025/02/02,07:34,16:37
,495,2025/02/03,07:35,16:30
,495,2025/02/04,07:37,16:34
,495,2025/02/05,07:33,16:36
,495,2025/02/06,07:42,16:32
,495,2025/02/09,07:26,16:36
,495,2025/02/10,,
,495,2025/02/11,07:32,
,495,2025/02/12,07:30,16:31
,495,2025/02/13,,
,495,2025/02/16,08:05,16:31
,495,2025/02/17,07:36,16:33
,495,2025/02/18,07:39,16:33
,495,2025/02/19,07:37,16:32
,495,2025/02/20,07:31,16:32
,497,2025/01/20,,
,497,2025/01/21,,
,497,2025/01/22,,
,497,2025/01/23,,
,497,2025/01/26,,
,497,2025/01/27,,
,497,2025/01/28,,
,497,2025/01/29,,
,497,2025/01/30,,
,497,2025/02/02,,16:37
,497,2025/02/03,08:15,17:39
,497,2025/02/04,09:08,16:43
,497,2025/02/05,09:02,16:36
,497,2025/02/06,07:44,16:35
,497,2025/02/09,07:53,16:37
,497,2025/02/10,08:11,16:31
,497,2025/02/11,08:25,16:33
,497,2025/02/12,08:31,17:12
,497,2025/02/13,08:50,16:33
,497,2025/02/16,08:16,16:36
,497,2025/02/17,09:09,16:39
,497,2025/02/18,08:57,16:37
,497,2025/02/19,09:03,16:31
,497,2025/02/20,08:27,16:30
